-- phpMyAdmin SQL Dump
-- version 5.1.1
-- https://www.phpmyadmin.net/
--
-- 主機： 127.0.0.1
-- 產生時間： 2021-07-11 14:04:41
-- 伺服器版本： 10.4.19-MariaDB
-- PHP 版本： 8.0.7

SET SQL_MODE = "NO_AUTO_VALUE_ON_ZERO";
START TRANSACTION;
SET time_zone = "+00:00";


/*!40101 SET @OLD_CHARACTER_SET_CLIENT=@@CHARACTER_SET_CLIENT */;
/*!40101 SET @OLD_CHARACTER_SET_RESULTS=@@CHARACTER_SET_RESULTS */;
/*!40101 SET @OLD_COLLATION_CONNECTION=@@COLLATION_CONNECTION */;
/*!40101 SET NAMES utf8mb4 */;

--
-- 資料庫: `vocabularyisland`
--

-- --------------------------------------------------------

--
-- 資料表結構 `card`
--

CREATE TABLE `card` (
  `card_id` int(10) UNSIGNED NOT NULL,
  `author` varchar(100) NOT NULL,
  `picture_filename` varchar(100) NOT NULL,
  `voice_filename` varchar(100) NOT NULL,
  `vocabulary` varchar(100) NOT NULL,
  `background_color` varchar(100) NOT NULL,
  `border_color` varchar(100) NOT NULL,
  `save_date` datetime NOT NULL,
  `theme_id` int(10) UNSIGNED NOT NULL,
  `title_id` int(10) UNSIGNED NOT NULL,
  `practice_id` int(10) UNSIGNED NOT NULL
) ENGINE=InnoDB DEFAULT CHARSET=utf8 COMMENT='所有字卡。';

--
-- 傾印資料表的資料 `card`
--

INSERT INTO `card` (`card_id`, `author`, `picture_filename`, `voice_filename`, `vocabulary`, `background_color`, `border_color`, `save_date`, `theme_id`, `title_id`, `practice_id`) VALUES
(681, '0', '0_bad_7ecc3ed86c96b9368ad88046e79187bd', '0_bad_7ecc3ed86c96b9368ad88046e79187bd', 'bad', 'rgb(255,255,255)', 'rgb(183,183,183)', '2021-06-28 15:32:21', 1, 1, 1),
(682, '0', '0_bad_0752a290b51e63415e3f73d6594e492b', '0_bad_0752a290b51e63415e3f73d6594e492b', 'bad', 'rgb(157, 255, 248)', 'rgb(127, 204, 171)', '2021-06-28 15:59:24', 1, 1, 1),
(683, '0', '0_baby_db070b130f9e05fefb883eae513ce05e', '0_baby_db070b130f9e05fefb883eae513ce05e', 'baby', 'rgb(255,255,255)', 'rgb(183,183,183)', '2021-06-28 16:10:33', 1, 1, 1),
(685, '0', '0_arm_d00a42bd7a773e2332209b59067e0467', '0_arm_d00a42bd7a773e2332209b59067e0467', 'arm', 'rgb(255, 200, 164)', 'rgb(183,183,183)', '2021-06-28 16:10:43', 1, 1, 1),
(686, '0', '0_boy_ff541553cdf50a25f6435d7b8543ad16', '0_boy_ff541553cdf50a25f6435d7b8543ad16', 'boy', 'rgb(195, 253, 209)', 'rgb(183,183,183)', '2021-06-28 16:10:26', 1, 1, 1),
(687, '0', '0_boy_391bc4bd53f4df3e099e2af8ffdd2aa2', '0_boy_391bc4bd53f4df3e099e2af8ffdd2aa2', 'boy', 'rgb(151, 209, 255)', 'rgb(171, 0, 0)', '2021-07-08 21:42:02', 1, 1, 1),
(690, '1144', '1144_she_44512e8bcbc25c33a91a59802eee75f3', '1144_she_44512e8bcbc25c33a91a59802eee75f3', 'she', 'rgb(255,255,255)', 'rgb(183,183,183)', '2021-07-09 10:31:36', 1, 1, 1),
(691, '1144', '1144_they_46f8a70ac9f7e5c15250adc10667aeb0', '1144_they_46f8a70ac9f7e5c15250adc10667aeb0', 'they', 'rgb(255,255,255)', 'rgb(183,183,183)', '2021-07-09 11:27:42', 1, 1, 1);

-- --------------------------------------------------------

--
-- 資料表結構 `exp_click_sound`
--

CREATE TABLE `exp_click_sound` (
  `cs_id` int(10) UNSIGNED NOT NULL,
  `cs_account` varchar(100) NOT NULL,
  `cs_vocabulary` varchar(100) NOT NULL,
  `theme_id` int(10) UNSIGNED NOT NULL,
  `title_id` int(10) UNSIGNED NOT NULL,
  `practice_id` int(10) UNSIGNED NOT NULL,
  `cs_click_step` tinyint(2) UNSIGNED NOT NULL COMMENT ' 0 ~ 2   //  表示每個階段的語音按鈕點擊。',
  `cs_save_date` datetime NOT NULL,
  `cs_click_time` int(10) UNSIGNED NOT NULL
) ENGINE=InnoDB DEFAULT CHARSET=utf8 COMMENT='語音點擊紀錄。';

--
-- 傾印資料表的資料 `exp_click_sound`
--

INSERT INTO `exp_click_sound` (`cs_id`, `cs_account`, `cs_vocabulary`, `theme_id`, `title_id`, `practice_id`, `cs_click_step`, `cs_save_date`, `cs_click_time`) VALUES
(9479, '0', 'boy', 1, 1, 1, 0, '2021-06-28 15:31:32', 3),
(9480, '0', 'boy', 1, 1, 1, 1, '2021-06-28 15:31:32', 0),
(9481, '0', 'boy', 1, 1, 1, 2, '2021-06-28 15:31:32', 0),
(9482, '0', 'baby', 1, 1, 1, 0, '2021-06-28 15:31:32', 3),
(9483, '0', 'baby', 1, 1, 1, 1, '2021-06-28 15:31:32', 0),
(9484, '0', 'baby', 1, 1, 1, 2, '2021-06-28 15:31:32', 0),
(9485, '0', 'arm', 1, 1, 1, 0, '2021-06-28 15:31:32', 3),
(9486, '0', 'arm', 1, 1, 1, 1, '2021-06-28 15:31:32', 0),
(9487, '0', 'arm', 1, 1, 1, 2, '2021-06-28 15:31:32', 0),
(9488, '0', 'bad', 1, 1, 1, 0, '2021-06-28 15:31:32', 3),
(9489, '0', 'bad', 1, 1, 1, 1, '2021-06-28 15:31:32', 0),
(9490, '0', 'bad', 1, 1, 1, 2, '2021-06-28 15:31:32', 0),
(9491, '0', 'baby', 1, 1, 1, 0, '2021-06-28 15:59:09', 4),
(9492, '0', 'baby', 1, 1, 1, 1, '2021-06-28 15:59:09', 0),
(9493, '0', 'baby', 1, 1, 1, 2, '2021-06-28 15:59:09', 0),
(9494, '0', 'bad', 1, 1, 1, 0, '2021-06-28 15:59:09', 4),
(9495, '0', 'bad', 1, 1, 1, 1, '2021-06-28 15:59:09', 0),
(9496, '0', 'bad', 1, 1, 1, 2, '2021-06-28 15:59:09', 0),
(9497, '0', 'arm', 1, 1, 1, 0, '2021-06-28 15:59:09', 4),
(9498, '0', 'arm', 1, 1, 1, 1, '2021-06-28 15:59:09', 0),
(9499, '0', 'arm', 1, 1, 1, 2, '2021-06-28 15:59:09', 0),
(9500, '0', 'boy', 1, 1, 1, 0, '2021-06-28 15:59:09', 4),
(9501, '0', 'boy', 1, 1, 1, 1, '2021-06-28 15:59:09', 0),
(9502, '0', 'boy', 1, 1, 1, 2, '2021-06-28 15:59:09', 0),
(9503, '0', 'bad', 1, 1, 1, 0, '2021-06-28 16:10:12', 4),
(9504, '0', 'bad', 1, 1, 1, 1, '2021-06-28 16:10:12', 0),
(9505, '0', 'bad', 1, 1, 1, 2, '2021-06-28 16:10:12', 0),
(9506, '0', 'boy', 1, 1, 1, 0, '2021-06-28 16:10:12', 4),
(9507, '0', 'boy', 1, 1, 1, 1, '2021-06-28 16:10:12', 0),
(9508, '0', 'boy', 1, 1, 1, 2, '2021-06-28 16:10:12', 0),
(9509, '0', 'baby', 1, 1, 1, 0, '2021-06-28 16:10:12', 3),
(9510, '0', 'baby', 1, 1, 1, 1, '2021-06-28 16:10:12', 0),
(9511, '0', 'baby', 1, 1, 1, 2, '2021-06-28 16:10:12', 0),
(9512, '0', 'arm', 1, 1, 1, 0, '2021-06-28 16:10:12', 3),
(9513, '0', 'arm', 1, 1, 1, 1, '2021-06-28 16:10:12', 0),
(9514, '0', 'arm', 1, 1, 1, 2, '2021-06-28 16:10:12', 0),
(9527, '0', 'king', 1, 1, 1, 0, '2021-07-01 13:26:48', 3),
(9528, '0', 'king', 1, 1, 1, 1, '2021-07-01 13:26:48', 0),
(9529, '0', 'king', 1, 1, 1, 2, '2021-07-01 13:26:48', 0),
(9530, '0', 'man', 1, 1, 1, 0, '2021-07-01 13:26:48', 3),
(9531, '0', 'man', 1, 1, 1, 1, '2021-07-01 13:26:48', 0),
(9532, '0', 'man', 1, 1, 1, 2, '2021-07-01 13:26:48', 0),
(9533, '0', 'leg', 1, 1, 1, 0, '2021-07-01 13:26:48', 3),
(9534, '0', 'leg', 1, 1, 1, 1, '2021-07-01 13:26:48', 0),
(9535, '0', 'leg', 1, 1, 1, 2, '2021-07-01 13:26:48', 0),
(9536, '0', 'Miss', 1, 1, 1, 0, '2021-07-01 13:26:48', 3),
(9537, '0', 'she', 1, 1, 1, 0, '2021-07-01 13:29:00', 3),
(9538, '0', 'she', 1, 1, 1, 1, '2021-07-01 13:29:00', 0),
(9539, '0', 'she', 1, 1, 1, 2, '2021-07-01 13:29:00', 0),
(9540, '0', 'we', 1, 1, 1, 0, '2021-07-01 13:29:00', 3),
(9541, '0', 'we', 1, 1, 1, 1, '2021-07-01 13:29:00', 0),
(9542, '0', 'we', 1, 1, 1, 2, '2021-07-01 13:29:00', 0),
(9543, '0', 'tall', 1, 1, 1, 0, '2021-07-01 13:29:00', 3),
(9544, '0', 'tall', 1, 1, 1, 1, '2021-07-01 13:29:00', 0),
(9545, '0', 'tall', 1, 1, 1, 2, '2021-07-01 13:29:00', 0),
(9546, '0', 'they', 1, 1, 1, 0, '2021-07-01 13:29:00', 3),
(9547, '0', 'they', 1, 1, 1, 1, '2021-07-01 13:29:00', 0),
(9548, '0', 'they', 1, 1, 1, 2, '2021-07-01 13:29:00', 0),
(9549, '0', 'fat', 1, 1, 1, 0, '2021-07-01 13:33:03', 4),
(9550, '0', 'fat', 1, 1, 1, 1, '2021-07-01 13:33:03', 0),
(9551, '0', 'fat', 1, 1, 1, 2, '2021-07-01 13:33:03', 0),
(9552, '0', 'girl', 1, 1, 1, 0, '2021-07-01 13:33:03', 3),
(9553, '0', 'girl', 1, 1, 1, 1, '2021-07-01 13:33:03', 0),
(9554, '0', 'girl', 1, 1, 1, 2, '2021-07-01 13:33:03', 0),
(9555, '0', 'good', 1, 1, 1, 0, '2021-07-01 13:33:03', 3),
(9556, '0', 'good', 1, 1, 1, 1, '2021-07-01 13:33:03', 0),
(9557, '0', 'good', 1, 1, 1, 2, '2021-07-01 13:33:03', 0),
(9558, '0', 'eye', 1, 1, 1, 0, '2021-07-01 13:33:03', 3),
(9559, '0', 'eye', 1, 1, 1, 1, '2021-07-01 13:33:03', 0),
(9560, '0', 'eye', 1, 1, 1, 2, '2021-07-01 13:33:03', 0),
(9561, '0', 'kid', 1, 1, 1, 0, '2021-07-08 19:50:59', 3),
(9562, '0', 'kid', 1, 1, 1, 1, '2021-07-08 19:50:59', 0),
(9563, '0', 'ear', 1, 1, 1, 0, '2021-07-08 21:35:36', 4),
(9564, '0', 'ear', 1, 1, 1, 1, '2021-07-08 21:35:36', 0),
(9565, '0', 'ear', 1, 1, 1, 2, '2021-07-08 21:35:36', 0),
(9566, '0', 'bad', 1, 1, 1, 0, '2021-07-08 21:35:36', 3),
(9567, '0', 'bad', 1, 1, 1, 1, '2021-07-08 21:35:36', 0),
(9568, '0', 'bad', 1, 1, 1, 2, '2021-07-08 21:35:36', 0),
(9569, '0', 'baby', 1, 1, 1, 0, '2021-07-08 21:35:36', 3),
(9570, '0', 'baby', 1, 1, 1, 1, '2021-07-08 21:35:36', 0),
(9571, '0', 'baby', 1, 1, 1, 2, '2021-07-08 21:35:36', 0),
(9572, '0', 'boy', 1, 1, 1, 0, '2021-07-08 21:35:36', 3),
(9573, '0', 'boy', 1, 1, 1, 1, '2021-07-08 21:35:36', 0),
(9574, '0', 'boy', 1, 1, 1, 2, '2021-07-08 21:35:36', 0),
(9575, '1144', 'sad', 1, 1, 1, 0, '2021-07-09 10:27:49', 3),
(9576, '1144', 'sad', 1, 1, 1, 1, '2021-07-09 10:27:49', 0),
(9577, '1144', 'sad', 1, 1, 1, 2, '2021-07-09 10:27:49', 0),
(9578, '1144', 'nose', 1, 1, 1, 0, '2021-07-09 10:27:49', 3),
(9579, '1144', 'nose', 1, 1, 1, 1, '2021-07-09 10:27:49', 0),
(9580, '1144', 'nose', 1, 1, 1, 2, '2021-07-09 10:27:49', 0),
(9581, '1144', 'she', 1, 1, 1, 0, '2021-07-09 10:27:49', 3),
(9582, '1144', 'she', 1, 1, 1, 1, '2021-07-09 10:27:49', 0),
(9583, '1144', 'she', 1, 1, 1, 2, '2021-07-09 10:27:49', 0),
(9584, '1144', 'nice', 1, 1, 1, 0, '2021-07-09 10:27:49', 3),
(9585, '1144', 'nice', 1, 1, 1, 1, '2021-07-09 10:27:49', 0),
(9586, '1144', 'nice', 1, 1, 1, 2, '2021-07-09 10:27:49', 0),
(9587, '1144', 'we', 1, 1, 1, 0, '2021-07-09 10:31:20', 3),
(9588, '1144', 'we', 1, 1, 1, 1, '2021-07-09 10:31:20', 0),
(9589, '1144', 'we', 1, 1, 1, 2, '2021-07-09 10:31:20', 0),
(9590, '1144', 'she', 1, 1, 1, 0, '2021-07-09 10:31:20', 3),
(9591, '1144', 'she', 1, 1, 1, 1, '2021-07-09 10:31:20', 0),
(9592, '1144', 'she', 1, 1, 1, 2, '2021-07-09 10:31:20', 0),
(9593, '1144', 'tall', 1, 1, 1, 0, '2021-07-09 10:31:20', 3),
(9594, '1144', 'tall', 1, 1, 1, 1, '2021-07-09 10:31:20', 0),
(9595, '1144', 'tall', 1, 1, 1, 2, '2021-07-09 10:31:20', 0),
(9596, '1144', 'they', 1, 1, 1, 0, '2021-07-09 10:31:20', 4),
(9597, '1144', 'they', 1, 1, 1, 1, '2021-07-09 10:31:20', 0),
(9598, '1144', 'they', 1, 1, 1, 2, '2021-07-09 10:31:20', 0),
(9599, '1144', 'leg', 1, 1, 1, 0, '2021-07-09 11:22:34', 3),
(9600, '1144', 'leg', 1, 1, 1, 1, '2021-07-09 11:22:34', 0),
(9601, '1144', 'leg', 1, 1, 1, 2, '2021-07-09 11:22:34', 0),
(9602, '1144', 'kid', 1, 1, 1, 0, '2021-07-09 11:22:34', 3),
(9603, '1144', 'kid', 1, 1, 1, 1, '2021-07-09 11:22:34', 0),
(9604, '1144', 'kid', 1, 1, 1, 2, '2021-07-09 11:22:34', 0),
(9605, '1144', 'king', 1, 1, 1, 0, '2021-07-09 11:22:34', 3),
(9606, '1144', 'king', 1, 1, 1, 1, '2021-07-09 11:22:34', 0),
(9607, '1144', 'king', 1, 1, 1, 2, '2021-07-09 11:22:34', 0),
(9608, '1144', 'man', 1, 1, 1, 0, '2021-07-09 11:22:34', 3),
(9609, '1144', 'man', 1, 1, 1, 1, '2021-07-09 11:22:34', 0),
(9610, '1144', 'man', 1, 1, 1, 2, '2021-07-09 11:22:34', 0),
(9611, '1144', 'man', 1, 1, 1, 0, '2021-07-09 11:24:47', 3),
(9612, '1144', 'man', 1, 1, 1, 1, '2021-07-09 11:24:47', 0),
(9613, '1144', 'man', 1, 1, 1, 2, '2021-07-09 11:24:47', 0),
(9614, '1144', 'kid', 1, 1, 1, 0, '2021-07-09 11:24:47', 3),
(9615, '1144', 'kid', 1, 1, 1, 1, '2021-07-09 11:24:47', 0),
(9616, '1144', 'kid', 1, 1, 1, 2, '2021-07-09 11:24:47', 0),
(9617, '1144', 'leg', 1, 1, 1, 0, '2021-07-09 11:24:47', 3),
(9618, '1144', 'leg', 1, 1, 1, 1, '2021-07-09 11:24:47', 0),
(9619, '1144', 'leg', 1, 1, 1, 2, '2021-07-09 11:24:47', 0),
(9620, '1144', 'king', 1, 1, 1, 0, '2021-07-09 11:24:47', 3),
(9621, '1144', 'king', 1, 1, 1, 1, '2021-07-09 11:24:47', 0),
(9622, '1144', 'king', 1, 1, 1, 2, '2021-07-09 11:24:47', 0),
(9623, '1144', 'boy', 1, 1, 1, 0, '2021-07-09 11:26:51', 3),
(9624, '1144', 'boy', 1, 1, 1, 1, '2021-07-09 11:26:51', 0),
(9625, '1144', 'boy', 1, 1, 1, 2, '2021-07-09 11:26:51', 0),
(9626, '1144', 'baby', 1, 1, 1, 0, '2021-07-09 11:26:51', 3),
(9627, '1144', 'baby', 1, 1, 1, 1, '2021-07-09 11:26:51', 0),
(9628, '1144', 'baby', 1, 1, 1, 2, '2021-07-09 11:26:51', 0),
(9629, '1144', 'ear', 1, 1, 1, 0, '2021-07-09 11:26:51', 3),
(9630, '1144', 'ear', 1, 1, 1, 1, '2021-07-09 11:26:51', 0),
(9631, '1144', 'ear', 1, 1, 1, 2, '2021-07-09 11:26:51', 0),
(9632, '1144', 'bad', 1, 1, 1, 0, '2021-07-09 11:26:51', 3),
(9633, '1144', 'bad', 1, 1, 1, 1, '2021-07-09 11:26:51', 0),
(9634, '1144', 'bad', 1, 1, 1, 2, '2021-07-09 11:26:51', 0),
(9635, '1144', 'they', 1, 1, 1, 0, '2021-07-09 11:27:36', 3),
(9636, '1144', 'they', 1, 1, 1, 1, '2021-07-09 11:27:36', 0),
(9637, '1144', 'they', 1, 1, 1, 2, '2021-07-09 11:27:36', 0),
(9638, '1144', 'sad', 1, 1, 1, 0, '2021-07-09 11:27:36', 3),
(9639, '1144', 'sad', 1, 1, 1, 1, '2021-07-09 11:27:36', 0),
(9640, '1144', 'sad', 1, 1, 1, 2, '2021-07-09 11:27:36', 0),
(9641, '1144', 'tall', 1, 1, 1, 0, '2021-07-09 11:27:36', 3),
(9642, '1144', 'tall', 1, 1, 1, 1, '2021-07-09 11:27:36', 0),
(9643, '1144', 'tall', 1, 1, 1, 2, '2021-07-09 11:27:36', 0),
(9644, '1144', 'she', 1, 1, 1, 0, '2021-07-09 11:27:36', 3),
(9645, '1144', 'she', 1, 1, 1, 1, '2021-07-09 11:27:36', 0),
(9646, '1144', 'she', 1, 1, 1, 2, '2021-07-09 11:27:36', 0);

-- --------------------------------------------------------

--
-- 資料表結構 `exp_click_tip`
--

CREATE TABLE `exp_click_tip` (
  `ct_id` int(10) UNSIGNED NOT NULL,
  `ct_account` varchar(100) NOT NULL,
  `ct_vocabulary` varchar(100) NOT NULL,
  `theme_id` int(10) UNSIGNED NOT NULL,
  `title_id` int(10) UNSIGNED NOT NULL,
  `practice_id` int(10) UNSIGNED NOT NULL,
  `ct_click_step` tinyint(2) UNSIGNED NOT NULL COMMENT ' 0 ~ 1   //  表示每個階段的提示按鈕點擊。',
  `ct_save_date` datetime NOT NULL,
  `ct_click_time` int(10) UNSIGNED NOT NULL
) ENGINE=InnoDB DEFAULT CHARSET=utf8 COMMENT='點擊提示次數。';

--
-- 傾印資料表的資料 `exp_click_tip`
--

INSERT INTO `exp_click_tip` (`ct_id`, `ct_account`, `ct_vocabulary`, `theme_id`, `title_id`, `practice_id`, `ct_click_step`, `ct_save_date`, `ct_click_time`) VALUES
(6191, '0', 'boy', 1, 1, 1, 0, '2021-06-28 15:31:32', 0),
(6192, '0', 'boy', 1, 1, 1, 1, '2021-06-28 15:31:32', 0),
(6193, '0', 'baby', 1, 1, 1, 0, '2021-06-28 15:31:32', 0),
(6194, '0', 'baby', 1, 1, 1, 1, '2021-06-28 15:31:32', 0),
(6195, '0', 'arm', 1, 1, 1, 0, '2021-06-28 15:31:32', 0),
(6196, '0', 'arm', 1, 1, 1, 1, '2021-06-28 15:31:32', 1),
(6197, '0', 'bad', 1, 1, 1, 0, '2021-06-28 15:31:32', 0),
(6198, '0', 'bad', 1, 1, 1, 1, '2021-06-28 15:31:32', 0),
(6199, '0', 'baby', 1, 1, 1, 0, '2021-06-28 15:59:09', 0),
(6200, '0', 'baby', 1, 1, 1, 1, '2021-06-28 15:59:09', 0),
(6201, '0', 'bad', 1, 1, 1, 0, '2021-06-28 15:59:09', 0),
(6202, '0', 'bad', 1, 1, 1, 1, '2021-06-28 15:59:09', 0),
(6203, '0', 'arm', 1, 1, 1, 0, '2021-06-28 15:59:09', 0),
(6204, '0', 'arm', 1, 1, 1, 1, '2021-06-28 15:59:09', 0),
(6205, '0', 'boy', 1, 1, 1, 0, '2021-06-28 15:59:09', 0),
(6206, '0', 'boy', 1, 1, 1, 1, '2021-06-28 15:59:09', 0),
(6207, '0', 'bad', 1, 1, 1, 0, '2021-06-28 16:10:12', 0),
(6208, '0', 'bad', 1, 1, 1, 1, '2021-06-28 16:10:12', 0),
(6209, '0', 'boy', 1, 1, 1, 0, '2021-06-28 16:10:12', 0),
(6210, '0', 'boy', 1, 1, 1, 1, '2021-06-28 16:10:12', 0),
(6211, '0', 'baby', 1, 1, 1, 0, '2021-06-28 16:10:12', 0),
(6212, '0', 'baby', 1, 1, 1, 1, '2021-06-28 16:10:12', 0),
(6213, '0', 'arm', 1, 1, 1, 0, '2021-06-28 16:10:12', 0),
(6214, '0', 'arm', 1, 1, 1, 1, '2021-06-28 16:10:12', 0),
(6223, '0', 'king', 1, 1, 1, 0, '2021-07-01 13:26:48', 1),
(6224, '0', 'king', 1, 1, 1, 1, '2021-07-01 13:26:48', 0),
(6225, '0', 'man', 1, 1, 1, 0, '2021-07-01 13:26:48', 0),
(6226, '0', 'man', 1, 1, 1, 1, '2021-07-01 13:26:48', 0),
(6227, '0', 'leg', 1, 1, 1, 0, '2021-07-01 13:26:48', 0),
(6228, '0', 'leg', 1, 1, 1, 1, '2021-07-01 13:26:48', 0),
(6229, '0', 'she', 1, 1, 1, 0, '2021-07-01 13:29:00', 0),
(6230, '0', 'she', 1, 1, 1, 1, '2021-07-01 13:29:00', 0),
(6231, '0', 'we', 1, 1, 1, 0, '2021-07-01 13:29:00', 0),
(6232, '0', 'we', 1, 1, 1, 1, '2021-07-01 13:29:00', 0),
(6233, '0', 'tall', 1, 1, 1, 0, '2021-07-01 13:29:00', 0),
(6234, '0', 'tall', 1, 1, 1, 1, '2021-07-01 13:29:00', 0),
(6235, '0', 'they', 1, 1, 1, 0, '2021-07-01 13:29:00', 0),
(6236, '0', 'they', 1, 1, 1, 1, '2021-07-01 13:29:00', 0),
(6237, '0', 'fat', 1, 1, 1, 0, '2021-07-01 13:33:03', 0),
(6238, '0', 'fat', 1, 1, 1, 1, '2021-07-01 13:33:03', 0),
(6239, '0', 'girl', 1, 1, 1, 0, '2021-07-01 13:33:03', 0),
(6240, '0', 'girl', 1, 1, 1, 1, '2021-07-01 13:33:03', 0),
(6241, '0', 'good', 1, 1, 1, 0, '2021-07-01 13:33:03', 0),
(6242, '0', 'good', 1, 1, 1, 1, '2021-07-01 13:33:03', 0),
(6243, '0', 'eye', 1, 1, 1, 0, '2021-07-01 13:33:03', 0),
(6244, '0', 'eye', 1, 1, 1, 1, '2021-07-01 13:33:03', 0),
(6245, '0', 'kid', 1, 1, 1, 0, '2021-07-08 19:50:59', 0),
(6246, '0', 'ear', 1, 1, 1, 0, '2021-07-08 21:35:36', 1),
(6247, '0', 'ear', 1, 1, 1, 1, '2021-07-08 21:35:36', 0),
(6248, '0', 'bad', 1, 1, 1, 0, '2021-07-08 21:35:36', 0),
(6249, '0', 'bad', 1, 1, 1, 1, '2021-07-08 21:35:36', 0),
(6250, '0', 'baby', 1, 1, 1, 0, '2021-07-08 21:35:36', 0),
(6251, '0', 'baby', 1, 1, 1, 1, '2021-07-08 21:35:36', 0),
(6252, '0', 'boy', 1, 1, 1, 0, '2021-07-08 21:35:36', 0),
(6253, '0', 'boy', 1, 1, 1, 1, '2021-07-08 21:35:36', 0),
(6254, '1144', 'sad', 1, 1, 1, 0, '2021-07-09 10:27:49', 0),
(6255, '1144', 'sad', 1, 1, 1, 1, '2021-07-09 10:27:49', 0),
(6256, '1144', 'nose', 1, 1, 1, 0, '2021-07-09 10:27:49', 0),
(6257, '1144', 'nose', 1, 1, 1, 1, '2021-07-09 10:27:49', 0),
(6258, '1144', 'she', 1, 1, 1, 0, '2021-07-09 10:27:49', 0),
(6259, '1144', 'she', 1, 1, 1, 1, '2021-07-09 10:27:49', 0),
(6260, '1144', 'nice', 1, 1, 1, 0, '2021-07-09 10:27:49', 0),
(6261, '1144', 'nice', 1, 1, 1, 1, '2021-07-09 10:27:49', 0),
(6262, '1144', 'we', 1, 1, 1, 0, '2021-07-09 10:31:20', 0),
(6263, '1144', 'we', 1, 1, 1, 1, '2021-07-09 10:31:20', 0),
(6264, '1144', 'she', 1, 1, 1, 0, '2021-07-09 10:31:20', 0),
(6265, '1144', 'she', 1, 1, 1, 1, '2021-07-09 10:31:20', 0),
(6266, '1144', 'tall', 1, 1, 1, 0, '2021-07-09 10:31:20', 0),
(6267, '1144', 'tall', 1, 1, 1, 1, '2021-07-09 10:31:20', 0),
(6268, '1144', 'they', 1, 1, 1, 0, '2021-07-09 10:31:20', 0),
(6269, '1144', 'they', 1, 1, 1, 1, '2021-07-09 10:31:20', 0),
(6270, '1144', 'leg', 1, 1, 1, 0, '2021-07-09 11:22:34', 0),
(6271, '1144', 'leg', 1, 1, 1, 1, '2021-07-09 11:22:34', 0),
(6272, '1144', 'kid', 1, 1, 1, 0, '2021-07-09 11:22:34', 0),
(6273, '1144', 'kid', 1, 1, 1, 1, '2021-07-09 11:22:34', 0),
(6274, '1144', 'king', 1, 1, 1, 0, '2021-07-09 11:22:34', 0),
(6275, '1144', 'king', 1, 1, 1, 1, '2021-07-09 11:22:34', 0),
(6276, '1144', 'man', 1, 1, 1, 0, '2021-07-09 11:22:34', 0),
(6277, '1144', 'man', 1, 1, 1, 1, '2021-07-09 11:22:34', 0),
(6278, '1144', 'man', 1, 1, 1, 0, '2021-07-09 11:24:47', 0),
(6279, '1144', 'man', 1, 1, 1, 1, '2021-07-09 11:24:47', 0),
(6280, '1144', 'kid', 1, 1, 1, 0, '2021-07-09 11:24:47', 0),
(6281, '1144', 'kid', 1, 1, 1, 1, '2021-07-09 11:24:47', 0),
(6282, '1144', 'leg', 1, 1, 1, 0, '2021-07-09 11:24:47', 0),
(6283, '1144', 'leg', 1, 1, 1, 1, '2021-07-09 11:24:47', 0),
(6284, '1144', 'king', 1, 1, 1, 0, '2021-07-09 11:24:47', 0),
(6285, '1144', 'king', 1, 1, 1, 1, '2021-07-09 11:24:47', 0),
(6286, '1144', 'boy', 1, 1, 1, 0, '2021-07-09 11:26:51', 0),
(6287, '1144', 'boy', 1, 1, 1, 1, '2021-07-09 11:26:51', 0),
(6288, '1144', 'baby', 1, 1, 1, 0, '2021-07-09 11:26:51', 0),
(6289, '1144', 'baby', 1, 1, 1, 1, '2021-07-09 11:26:51', 0),
(6290, '1144', 'ear', 1, 1, 1, 0, '2021-07-09 11:26:51', 0),
(6291, '1144', 'ear', 1, 1, 1, 1, '2021-07-09 11:26:51', 0),
(6292, '1144', 'bad', 1, 1, 1, 0, '2021-07-09 11:26:51', 0),
(6293, '1144', 'bad', 1, 1, 1, 1, '2021-07-09 11:26:51', 0),
(6294, '1144', 'they', 1, 1, 1, 0, '2021-07-09 11:27:36', 0),
(6295, '1144', 'they', 1, 1, 1, 1, '2021-07-09 11:27:36', 0),
(6296, '1144', 'sad', 1, 1, 1, 0, '2021-07-09 11:27:36', 0),
(6297, '1144', 'sad', 1, 1, 1, 1, '2021-07-09 11:27:36', 0),
(6298, '1144', 'tall', 1, 1, 1, 0, '2021-07-09 11:27:36', 0),
(6299, '1144', 'tall', 1, 1, 1, 1, '2021-07-09 11:27:36', 0),
(6300, '1144', 'she', 1, 1, 1, 0, '2021-07-09 11:27:36', 0),
(6301, '1144', 'she', 1, 1, 1, 1, '2021-07-09 11:27:36', 0);

-- --------------------------------------------------------

--
-- 資料表結構 `exp_delete_record`
--

CREATE TABLE `exp_delete_record` (
  `dr_id` int(10) UNSIGNED NOT NULL,
  `dr_account` varchar(100) NOT NULL,
  `dr_vocabulary` varchar(100) NOT NULL,
  `theme_id` int(10) UNSIGNED NOT NULL,
  `title_id` int(10) UNSIGNED NOT NULL,
  `practice_id` int(10) UNSIGNED NOT NULL,
  `dr_delete_time` int(10) UNSIGNED NOT NULL,
  `dr_save_date` datetime NOT NULL
) ENGINE=InnoDB DEFAULT CHARSET=utf8 COMMENT='刪除錄音紀錄。';

--
-- 傾印資料表的資料 `exp_delete_record`
--

INSERT INTO `exp_delete_record` (`dr_id`, `dr_account`, `dr_vocabulary`, `theme_id`, `title_id`, `practice_id`, `dr_delete_time`, `dr_save_date`) VALUES
(3233, '0', 'boy', 1, 1, 1, 0, '2021-06-28 15:31:32'),
(3234, '0', 'baby', 1, 1, 1, 0, '2021-06-28 15:31:32'),
(3235, '0', 'arm', 1, 1, 1, 0, '2021-06-28 15:31:32'),
(3236, '0', 'bad', 1, 1, 1, 0, '2021-06-28 15:31:32'),
(3237, '0', 'baby', 1, 1, 1, 0, '2021-06-28 15:59:09'),
(3238, '0', 'bad', 1, 1, 1, 0, '2021-06-28 15:59:09'),
(3239, '0', 'arm', 1, 1, 1, 0, '2021-06-28 15:59:09'),
(3240, '0', 'boy', 1, 1, 1, 0, '2021-06-28 15:59:09'),
(3241, '0', 'bad', 1, 1, 1, 0, '2021-06-28 16:10:12'),
(3242, '0', 'boy', 1, 1, 1, 0, '2021-06-28 16:10:12'),
(3243, '0', 'baby', 1, 1, 1, 0, '2021-06-28 16:10:12'),
(3244, '0', 'arm', 1, 1, 1, 0, '2021-06-28 16:10:12'),
(3249, '0', 'king', 1, 1, 1, 0, '2021-07-01 13:26:48'),
(3250, '0', 'man', 1, 1, 1, 0, '2021-07-01 13:26:48'),
(3251, '0', 'leg', 1, 1, 1, 0, '2021-07-01 13:26:48'),
(3252, '0', 'Miss', 1, 1, 1, 0, '2021-07-01 13:26:48'),
(3253, '0', 'she', 1, 1, 1, 0, '2021-07-01 13:29:00'),
(3254, '0', 'we', 1, 1, 1, 0, '2021-07-01 13:29:00'),
(3255, '0', 'tall', 1, 1, 1, 0, '2021-07-01 13:29:00'),
(3256, '0', 'they', 1, 1, 1, 0, '2021-07-01 13:29:00'),
(3257, '0', 'fat', 1, 1, 1, 0, '2021-07-01 13:33:03'),
(3258, '0', 'girl', 1, 1, 1, 0, '2021-07-01 13:33:03'),
(3259, '0', 'good', 1, 1, 1, 0, '2021-07-01 13:33:03'),
(3260, '0', 'eye', 1, 1, 1, 0, '2021-07-01 13:33:03'),
(3261, '0', 'kid', 1, 1, 1, 0, '2021-07-08 19:50:59'),
(3262, '0', 'ear', 1, 1, 1, 0, '2021-07-08 21:35:36'),
(3263, '0', 'bad', 1, 1, 1, 0, '2021-07-08 21:35:36'),
(3264, '0', 'baby', 1, 1, 1, 0, '2021-07-08 21:35:36'),
(3265, '0', 'boy', 1, 1, 1, 0, '2021-07-08 21:35:36'),
(3266, '1144', 'sad', 1, 1, 1, 0, '2021-07-09 10:27:49'),
(3267, '1144', 'nose', 1, 1, 1, 0, '2021-07-09 10:27:49'),
(3268, '1144', 'she', 1, 1, 1, 0, '2021-07-09 10:27:49'),
(3269, '1144', 'nice', 1, 1, 1, 0, '2021-07-09 10:27:49'),
(3270, '1144', 'we', 1, 1, 1, 0, '2021-07-09 10:31:20'),
(3271, '1144', 'she', 1, 1, 1, 0, '2021-07-09 10:31:20'),
(3272, '1144', 'tall', 1, 1, 1, 0, '2021-07-09 10:31:20'),
(3273, '1144', 'they', 1, 1, 1, 0, '2021-07-09 10:31:20'),
(3274, '1144', 'leg', 1, 1, 1, 0, '2021-07-09 11:22:34'),
(3275, '1144', 'kid', 1, 1, 1, 0, '2021-07-09 11:22:34'),
(3276, '1144', 'king', 1, 1, 1, 0, '2021-07-09 11:22:34'),
(3277, '1144', 'man', 1, 1, 1, 0, '2021-07-09 11:22:34'),
(3278, '1144', 'man', 1, 1, 1, 0, '2021-07-09 11:24:47'),
(3279, '1144', 'kid', 1, 1, 1, 0, '2021-07-09 11:24:47'),
(3280, '1144', 'leg', 1, 1, 1, 0, '2021-07-09 11:24:47'),
(3281, '1144', 'king', 1, 1, 1, 0, '2021-07-09 11:24:47'),
(3282, '1144', 'boy', 1, 1, 1, 0, '2021-07-09 11:26:51'),
(3283, '1144', 'baby', 1, 1, 1, 0, '2021-07-09 11:26:51'),
(3284, '1144', 'ear', 1, 1, 1, 0, '2021-07-09 11:26:51'),
(3285, '1144', 'bad', 1, 1, 1, 0, '2021-07-09 11:26:51'),
(3286, '1144', 'they', 1, 1, 1, 0, '2021-07-09 11:27:36'),
(3287, '1144', 'sad', 1, 1, 1, 0, '2021-07-09 11:27:36'),
(3288, '1144', 'tall', 1, 1, 1, 0, '2021-07-09 11:27:36'),
(3289, '1144', 'she', 1, 1, 1, 0, '2021-07-09 11:27:36');

-- --------------------------------------------------------

--
-- 資料表結構 `exp_select_record`
--

CREATE TABLE `exp_select_record` (
  `sr_id` int(10) UNSIGNED NOT NULL,
  `sr_account` varchar(100) NOT NULL,
  `sr_vocabulary` varchar(100) NOT NULL,
  `theme_id` int(10) UNSIGNED NOT NULL,
  `title_id` int(10) UNSIGNED NOT NULL,
  `practice_id` int(10) UNSIGNED NOT NULL,
  `sr_select_target` tinyint(2) UNSIGNED NOT NULL COMMENT ' 1 ~ 2   //  表示錄音選擇。',
  `sr_save_date` datetime NOT NULL
) ENGINE=InnoDB DEFAULT CHARSET=utf8 COMMENT='錄音挑選紀錄。';

--
-- 傾印資料表的資料 `exp_select_record`
--

INSERT INTO `exp_select_record` (`sr_id`, `sr_account`, `sr_vocabulary`, `theme_id`, `title_id`, `practice_id`, `sr_select_target`, `sr_save_date`) VALUES
(3237, '0', 'boy', 1, 1, 1, 1, '2021-06-28 15:31:32'),
(3238, '0', 'baby', 1, 1, 1, 1, '2021-06-28 15:31:32'),
(3239, '0', 'arm', 1, 1, 1, 2, '2021-06-28 15:31:32'),
(3240, '0', 'bad', 1, 1, 1, 1, '2021-06-28 15:31:32'),
(3241, '0', 'baby', 1, 1, 1, 2, '2021-06-28 15:59:09'),
(3242, '0', 'bad', 1, 1, 1, 2, '2021-06-28 15:59:09'),
(3243, '0', 'arm', 1, 1, 1, 1, '2021-06-28 15:59:09'),
(3244, '0', 'boy', 1, 1, 1, 2, '2021-06-28 15:59:09'),
(3245, '0', 'bad', 1, 1, 1, 1, '2021-06-28 16:10:12'),
(3246, '0', 'boy', 1, 1, 1, 1, '2021-06-28 16:10:12'),
(3247, '0', 'baby', 1, 1, 1, 1, '2021-06-28 16:10:12'),
(3248, '0', 'arm', 1, 1, 1, 2, '2021-06-28 16:10:12'),
(3253, '0', 'king', 1, 1, 1, 1, '2021-07-01 13:26:48'),
(3254, '0', 'man', 1, 1, 1, 1, '2021-07-01 13:26:48'),
(3255, '0', 'leg', 1, 1, 1, 1, '2021-07-01 13:26:48'),
(3256, '0', 'Miss', 1, 1, 1, 1, '2021-07-01 13:26:48'),
(3257, '0', 'she', 1, 1, 1, 1, '2021-07-01 13:29:00'),
(3258, '0', 'we', 1, 1, 1, 1, '2021-07-01 13:29:00'),
(3259, '0', 'tall', 1, 1, 1, 1, '2021-07-01 13:29:00'),
(3260, '0', 'they', 1, 1, 1, 1, '2021-07-01 13:29:00'),
(3261, '0', 'fat', 1, 1, 1, 1, '2021-07-01 13:33:03'),
(3262, '0', 'girl', 1, 1, 1, 1, '2021-07-01 13:33:03'),
(3263, '0', 'good', 1, 1, 1, 1, '2021-07-01 13:33:03'),
(3264, '0', 'eye', 1, 1, 1, 1, '2021-07-01 13:33:03'),
(3265, '0', 'kid', 1, 1, 1, 1, '2021-07-08 19:50:59'),
(3266, '0', 'ear', 1, 1, 1, 2, '2021-07-08 21:35:36'),
(3267, '0', 'bad', 1, 1, 1, 1, '2021-07-08 21:35:36'),
(3268, '0', 'baby', 1, 1, 1, 1, '2021-07-08 21:35:36'),
(3269, '0', 'boy', 1, 1, 1, 1, '2021-07-08 21:35:36'),
(3270, '1144', 'sad', 1, 1, 1, 1, '2021-07-09 10:27:49'),
(3271, '1144', 'nose', 1, 1, 1, 1, '2021-07-09 10:27:49'),
(3272, '1144', 'she', 1, 1, 1, 1, '2021-07-09 10:27:49'),
(3273, '1144', 'nice', 1, 1, 1, 1, '2021-07-09 10:27:49'),
(3274, '1144', 'we', 1, 1, 1, 1, '2021-07-09 10:31:20'),
(3275, '1144', 'she', 1, 1, 1, 1, '2021-07-09 10:31:20'),
(3276, '1144', 'tall', 1, 1, 1, 1, '2021-07-09 10:31:20'),
(3277, '1144', 'they', 1, 1, 1, 1, '2021-07-09 10:31:20'),
(3278, '1144', 'leg', 1, 1, 1, 1, '2021-07-09 11:22:34'),
(3279, '1144', 'kid', 1, 1, 1, 1, '2021-07-09 11:22:34'),
(3280, '1144', 'king', 1, 1, 1, 1, '2021-07-09 11:22:34'),
(3281, '1144', 'man', 1, 1, 1, 1, '2021-07-09 11:22:34'),
(3282, '1144', 'man', 1, 1, 1, 1, '2021-07-09 11:24:47'),
(3283, '1144', 'kid', 1, 1, 1, 1, '2021-07-09 11:24:47'),
(3284, '1144', 'leg', 1, 1, 1, 1, '2021-07-09 11:24:47'),
(3285, '1144', 'king', 1, 1, 1, 2, '2021-07-09 11:24:47'),
(3286, '1144', 'boy', 1, 1, 1, 1, '2021-07-09 11:26:51'),
(3287, '1144', 'baby', 1, 1, 1, 1, '2021-07-09 11:26:51'),
(3288, '1144', 'ear', 1, 1, 1, 1, '2021-07-09 11:26:51'),
(3289, '1144', 'bad', 1, 1, 1, 1, '2021-07-09 11:26:51'),
(3290, '1144', 'they', 1, 1, 1, 1, '2021-07-09 11:27:36'),
(3291, '1144', 'sad', 1, 1, 1, 2, '2021-07-09 11:27:36'),
(3292, '1144', 'tall', 1, 1, 1, 1, '2021-07-09 11:27:36'),
(3293, '1144', 'she', 1, 1, 1, 1, '2021-07-09 11:27:36');

-- --------------------------------------------------------

--
-- 資料表結構 `exp_wrong_time`
--

CREATE TABLE `exp_wrong_time` (
  `wt_id` int(10) UNSIGNED NOT NULL,
  `wt_account` varchar(100) NOT NULL,
  `wt_vocabulary` varchar(100) NOT NULL,
  `theme_id` int(10) UNSIGNED NOT NULL,
  `title_id` int(10) UNSIGNED NOT NULL,
  `practice_id` int(10) UNSIGNED NOT NULL,
  `wt_step` tinyint(2) UNSIGNED NOT NULL COMMENT '0:第一次拼字,1:第二次拼字',
  `wt_wrong_time` int(10) UNSIGNED NOT NULL,
  `wt_save_date` datetime NOT NULL
) ENGINE=InnoDB DEFAULT CHARSET=utf8 COMMENT='記錄錯誤次數。';

--
-- 傾印資料表的資料 `exp_wrong_time`
--

INSERT INTO `exp_wrong_time` (`wt_id`, `wt_account`, `wt_vocabulary`, `theme_id`, `title_id`, `practice_id`, `wt_step`, `wt_wrong_time`, `wt_save_date`) VALUES
(4118, '0', 'boy', 1, 1, 1, 0, 0, '2021-06-28 15:31:32'),
(4119, '0', 'boy', 1, 1, 1, 1, 0, '2021-06-28 15:31:32'),
(4120, '0', 'baby', 1, 1, 1, 0, 0, '2021-06-28 15:31:32'),
(4121, '0', 'baby', 1, 1, 1, 1, 0, '2021-06-28 15:31:32'),
(4122, '0', 'arm', 1, 1, 1, 0, 0, '2021-06-28 15:31:32'),
(4123, '0', 'arm', 1, 1, 1, 1, 0, '2021-06-28 15:31:32'),
(4124, '0', 'bad', 1, 1, 1, 0, 0, '2021-06-28 15:31:32'),
(4125, '0', 'bad', 1, 1, 1, 1, 0, '2021-06-28 15:31:32'),
(4126, '0', 'baby', 1, 1, 1, 0, 0, '2021-06-28 15:59:09'),
(4127, '0', 'baby', 1, 1, 1, 1, 0, '2021-06-28 15:59:09'),
(4128, '0', 'bad', 1, 1, 1, 0, 0, '2021-06-28 15:59:09'),
(4129, '0', 'bad', 1, 1, 1, 1, 0, '2021-06-28 15:59:09'),
(4130, '0', 'arm', 1, 1, 1, 0, 0, '2021-06-28 15:59:09'),
(4131, '0', 'arm', 1, 1, 1, 1, 0, '2021-06-28 15:59:09'),
(4132, '0', 'boy', 1, 1, 1, 0, 0, '2021-06-28 15:59:09'),
(4133, '0', 'boy', 1, 1, 1, 1, 0, '2021-06-28 15:59:09'),
(4134, '0', 'bad', 1, 1, 1, 0, 0, '2021-06-28 16:10:12'),
(4135, '0', 'bad', 1, 1, 1, 1, 1, '2021-06-28 16:10:12'),
(4136, '0', 'boy', 1, 1, 1, 0, 0, '2021-06-28 16:10:12'),
(4137, '0', 'boy', 1, 1, 1, 1, 1, '2021-06-28 16:10:12'),
(4138, '0', 'baby', 1, 1, 1, 0, 0, '2021-06-28 16:10:12'),
(4139, '0', 'baby', 1, 1, 1, 1, 0, '2021-06-28 16:10:12'),
(4140, '0', 'arm', 1, 1, 1, 0, 0, '2021-06-28 16:10:12'),
(4141, '0', 'arm', 1, 1, 1, 1, 0, '2021-06-28 16:10:12'),
(4142, '0', 'egg', 1, 3, 3, 0, 0, '2021-06-28 22:37:30'),
(4143, '0', 'egg', 1, 3, 3, 1, 2, '2021-06-28 22:37:30'),
(4144, '0', 'lunch', 1, 3, 3, 0, 1, '2021-06-28 22:37:30'),
(4145, '0', 'lunch', 1, 3, 3, 1, 0, '2021-06-28 22:37:30'),
(4146, '0', 'food', 1, 3, 3, 0, 0, '2021-06-28 22:37:30'),
(4147, '0', 'food', 1, 3, 3, 1, 0, '2021-06-28 22:37:30'),
(4148, '0', 'hot', 1, 3, 3, 0, 0, '2021-06-28 22:37:30'),
(4149, '0', 'hot', 1, 3, 3, 1, 0, '2021-06-28 22:37:30'),
(4150, '0', 'king', 1, 1, 1, 0, 0, '2021-07-01 13:26:48'),
(4151, '0', 'king', 1, 1, 1, 1, 0, '2021-07-01 13:26:48'),
(4152, '0', 'man', 1, 1, 1, 0, 0, '2021-07-01 13:26:48'),
(4153, '0', 'man', 1, 1, 1, 1, 0, '2021-07-01 13:26:48'),
(4154, '0', 'leg', 1, 1, 1, 0, 0, '2021-07-01 13:26:48'),
(4155, '0', 'leg', 1, 1, 1, 1, 0, '2021-07-01 13:26:48'),
(4156, '0', 'she', 1, 1, 1, 0, 0, '2021-07-01 13:29:00'),
(4157, '0', 'she', 1, 1, 1, 1, 0, '2021-07-01 13:29:00'),
(4158, '0', 'we', 1, 1, 1, 0, 0, '2021-07-01 13:29:00'),
(4159, '0', 'we', 1, 1, 1, 1, 0, '2021-07-01 13:29:00'),
(4160, '0', 'tall', 1, 1, 1, 0, 0, '2021-07-01 13:29:00'),
(4161, '0', 'tall', 1, 1, 1, 1, 0, '2021-07-01 13:29:00'),
(4162, '0', 'they', 1, 1, 1, 0, 0, '2021-07-01 13:29:00'),
(4163, '0', 'they', 1, 1, 1, 1, 0, '2021-07-01 13:29:00'),
(4164, '0', 'fat', 1, 1, 1, 0, 0, '2021-07-01 13:33:03'),
(4165, '0', 'fat', 1, 1, 1, 1, 0, '2021-07-01 13:33:03'),
(4166, '0', 'girl', 1, 1, 1, 0, 0, '2021-07-01 13:33:03'),
(4167, '0', 'girl', 1, 1, 1, 1, 0, '2021-07-01 13:33:03'),
(4168, '0', 'good', 1, 1, 1, 0, 0, '2021-07-01 13:33:03'),
(4169, '0', 'good', 1, 1, 1, 1, 0, '2021-07-01 13:33:03'),
(4170, '0', 'eye', 1, 1, 1, 0, 0, '2021-07-01 13:33:03'),
(4171, '0', 'eye', 1, 1, 1, 1, 1, '2021-07-01 13:33:03'),
(4172, '0', 'kid', 1, 1, 1, 0, 0, '2021-07-08 19:50:59'),
(4173, '0', 'ear', 1, 1, 1, 0, 1, '2021-07-08 21:35:36'),
(4174, '0', 'ear', 1, 1, 1, 1, 0, '2021-07-08 21:35:36'),
(4175, '0', 'bad', 1, 1, 1, 0, 0, '2021-07-08 21:35:36'),
(4176, '0', 'bad', 1, 1, 1, 1, 0, '2021-07-08 21:35:36'),
(4177, '0', 'baby', 1, 1, 1, 0, 1, '2021-07-08 21:35:36'),
(4178, '0', 'baby', 1, 1, 1, 1, 0, '2021-07-08 21:35:36'),
(4179, '0', 'boy', 1, 1, 1, 0, 0, '2021-07-08 21:35:36'),
(4180, '0', 'boy', 1, 1, 1, 1, 0, '2021-07-08 21:35:36'),
(4181, '1144', 'sad', 1, 1, 1, 0, 0, '2021-07-09 10:27:49'),
(4182, '1144', 'sad', 1, 1, 1, 1, 0, '2021-07-09 10:27:49'),
(4183, '1144', 'nose', 1, 1, 1, 0, 0, '2021-07-09 10:27:49'),
(4184, '1144', 'nose', 1, 1, 1, 1, 0, '2021-07-09 10:27:49'),
(4185, '1144', 'she', 1, 1, 1, 0, 0, '2021-07-09 10:27:49'),
(4186, '1144', 'she', 1, 1, 1, 1, 0, '2021-07-09 10:27:49'),
(4187, '1144', 'nice', 1, 1, 1, 0, 0, '2021-07-09 10:27:49'),
(4188, '1144', 'nice', 1, 1, 1, 1, 0, '2021-07-09 10:27:49'),
(4189, '1144', 'we', 1, 1, 1, 0, 0, '2021-07-09 10:31:20'),
(4190, '1144', 'we', 1, 1, 1, 1, 0, '2021-07-09 10:31:20'),
(4191, '1144', 'she', 1, 1, 1, 0, 0, '2021-07-09 10:31:20'),
(4192, '1144', 'she', 1, 1, 1, 1, 0, '2021-07-09 10:31:20'),
(4193, '1144', 'tall', 1, 1, 1, 0, 0, '2021-07-09 10:31:20'),
(4194, '1144', 'tall', 1, 1, 1, 1, 0, '2021-07-09 10:31:20'),
(4195, '1144', 'they', 1, 1, 1, 0, 0, '2021-07-09 10:31:20'),
(4196, '1144', 'they', 1, 1, 1, 1, 0, '2021-07-09 10:31:20'),
(4197, '1144', 'leg', 1, 1, 1, 0, 0, '2021-07-09 11:22:34'),
(4198, '1144', 'leg', 1, 1, 1, 1, 0, '2021-07-09 11:22:34'),
(4199, '1144', 'kid', 1, 1, 1, 0, 0, '2021-07-09 11:22:34'),
(4200, '1144', 'kid', 1, 1, 1, 1, 0, '2021-07-09 11:22:34'),
(4201, '1144', 'king', 1, 1, 1, 0, 0, '2021-07-09 11:22:34'),
(4202, '1144', 'king', 1, 1, 1, 1, 0, '2021-07-09 11:22:34'),
(4203, '1144', 'man', 1, 1, 1, 0, 0, '2021-07-09 11:22:34'),
(4204, '1144', 'man', 1, 1, 1, 1, 0, '2021-07-09 11:22:34'),
(4205, '1144', 'man', 1, 1, 1, 0, 0, '2021-07-09 11:24:47'),
(4206, '1144', 'man', 1, 1, 1, 1, 0, '2021-07-09 11:24:47'),
(4207, '1144', 'kid', 1, 1, 1, 0, 0, '2021-07-09 11:24:47'),
(4208, '1144', 'kid', 1, 1, 1, 1, 1, '2021-07-09 11:24:47'),
(4209, '1144', 'leg', 1, 1, 1, 0, 0, '2021-07-09 11:24:47'),
(4210, '1144', 'leg', 1, 1, 1, 1, 0, '2021-07-09 11:24:47'),
(4211, '1144', 'king', 1, 1, 1, 0, 0, '2021-07-09 11:24:47'),
(4212, '1144', 'king', 1, 1, 1, 1, 0, '2021-07-09 11:24:47'),
(4213, '1144', 'boy', 1, 1, 1, 0, 0, '2021-07-09 11:26:51'),
(4214, '1144', 'boy', 1, 1, 1, 1, 0, '2021-07-09 11:26:51'),
(4215, '1144', 'baby', 1, 1, 1, 0, 0, '2021-07-09 11:26:51'),
(4216, '1144', 'baby', 1, 1, 1, 1, 0, '2021-07-09 11:26:51'),
(4217, '1144', 'ear', 1, 1, 1, 0, 0, '2021-07-09 11:26:51'),
(4218, '1144', 'ear', 1, 1, 1, 1, 0, '2021-07-09 11:26:51'),
(4219, '1144', 'bad', 1, 1, 1, 0, 0, '2021-07-09 11:26:51'),
(4220, '1144', 'bad', 1, 1, 1, 1, 0, '2021-07-09 11:26:51'),
(4221, '1144', 'they', 1, 1, 1, 0, 0, '2021-07-09 11:27:36'),
(4222, '1144', 'they', 1, 1, 1, 1, 0, '2021-07-09 11:27:36'),
(4223, '1144', 'sad', 1, 1, 1, 0, 0, '2021-07-09 11:27:36'),
(4224, '1144', 'sad', 1, 1, 1, 1, 0, '2021-07-09 11:27:36'),
(4225, '1144', 'tall', 1, 1, 1, 0, 0, '2021-07-09 11:27:36'),
(4226, '1144', 'tall', 1, 1, 1, 1, 0, '2021-07-09 11:27:36'),
(4227, '1144', 'she', 1, 1, 1, 0, 0, '2021-07-09 11:27:36'),
(4228, '1144', 'she', 1, 1, 1, 1, 0, '2021-07-09 11:27:36');

-- --------------------------------------------------------

--
-- 資料表結構 `member`
--

CREATE TABLE `member` (
  `user_id` int(10) UNSIGNED NOT NULL,
  `user_account` varchar(100) NOT NULL,
  `user_pwd` varchar(100) NOT NULL,
  `user_name` varchar(100) NOT NULL,
  `user_number` varchar(100) NOT NULL,
  `user_coin` bigint(255) NOT NULL DEFAULT 0,
  `user_wardrobe` int(10) DEFAULT NULL
) ENGINE=InnoDB DEFAULT CHARSET=utf8;

--
-- 傾印資料表的資料 `member`
--

INSERT INTO `member` (`user_id`, `user_account`, `user_pwd`, `user_name`, `user_number`, `user_coin`, `user_wardrobe`) VALUES
(4, '0', '0', 'Eric', '0', 160, 13),
(268271, '1144', '4411', 'Annabelle', '1', 10, NULL);

-- --------------------------------------------------------

--
-- 資料表結構 `member_wardrobe`
--

CREATE TABLE `member_wardrobe` (
  `wardrobe_id` int(10) NOT NULL,
  `member_id` int(10) UNSIGNED NOT NULL,
  `wardrobe_img_url` varchar(256) NOT NULL,
  `wardrobe_name` varchar(256) NOT NULL
) ENGINE=InnoDB DEFAULT CHARSET=utf8;

--
-- 傾印資料表的資料 `member_wardrobe`
--

INSERT INTO `member_wardrobe` (`wardrobe_id`, `member_id`, `wardrobe_img_url`, `wardrobe_name`) VALUES
(11, 4, './material/locker-room/hat/資產 1.png', 'hat_1'),
(12, 4, './material/locker-room/hat/資產 2.png', 'hat_2'),
(13, 4, './material/locker-room/hat/資產 3.png', 'hat_3');

-- --------------------------------------------------------

--
-- 資料表結構 `personal_information`
--

CREATE TABLE `personal_information` (
  `pi_id` int(10) UNSIGNED NOT NULL,
  `pi_account` varchar(100) NOT NULL,
  `pi_name` varchar(100) NOT NULL,
  `pi_identity` tinyint(2) UNSIGNED NOT NULL COMMENT '0  表示 學生、 1  表示 老師、 2  表示 管理者。\n',
  `pi_card_amount` int(10) UNSIGNED NOT NULL COMMENT '字卡總數。',
  `pi_login_time` int(10) UNSIGNED NOT NULL COMMENT '登入次數。'
) ENGINE=InnoDB DEFAULT CHARSET=utf8 COMMENT='個人資訊。';

--
-- 傾印資料表的資料 `personal_information`
--

INSERT INTO `personal_information` (`pi_id`, `pi_account`, `pi_name`, `pi_identity`, `pi_card_amount`, `pi_login_time`) VALUES
(1, '0', '蔡東恩', 2, 0, 0);

-- --------------------------------------------------------

--
-- 資料表結構 `picture`
--

CREATE TABLE `picture` (
  `img_id` int(10) UNSIGNED NOT NULL,
  `img_account` varchar(100) NOT NULL,
  `img_filename` varchar(100) NOT NULL,
  `img_vocabulary` varchar(100) NOT NULL,
  `img_save_date` datetime NOT NULL,
  `theme_id` int(10) UNSIGNED NOT NULL,
  `title_id` int(10) UNSIGNED NOT NULL,
  `practice_id` int(10) UNSIGNED NOT NULL
) ENGINE=InnoDB DEFAULT CHARSET=utf8 COMMENT='圖片資訊。';

--
-- 傾印資料表的資料 `picture`
--

INSERT INTO `picture` (`img_id`, `img_account`, `img_filename`, `img_vocabulary`, `img_save_date`, `theme_id`, `title_id`, `practice_id`) VALUES
(717, '0', '0_arm_e40721dccc6ba8b12f89fb59f4926cda', 'arm', '2021-06-28 15:32:05', 1, 1, 1),
(718, '0', '0_bad_7ecc3ed86c96b9368ad88046e79187bd', 'bad', '2021-06-28 15:32:21', 1, 1, 1),
(719, '0', '0_bad_0752a290b51e63415e3f73d6594e492b', 'bad', '2021-06-28 15:59:24', 1, 1, 1),
(720, '0', '0_baby_db070b130f9e05fefb883eae513ce05e', 'baby', '2021-06-28 16:10:33', 1, 1, 1),
(722, '0', '0_arm_d00a42bd7a773e2332209b59067e0467', 'arm', '2021-06-28 16:10:43', 1, 1, 1),
(723, '0', '0_boy_ff541553cdf50a25f6435d7b8543ad16', 'boy', '2021-06-28 16:10:26', 1, 1, 1),
(724, '0', '0_boy_391bc4bd53f4df3e099e2af8ffdd2aa2', 'boy', '2021-07-08 21:42:02', 1, 1, 1),
(725, '1144', '', 'boy', '0000-00-00 00:00:00', 1, 1, 1),
(726, '1144', '1144_she_44512e8bcbc25c33a91a59802eee75f3', 'she', '2021-07-09 10:31:36', 1, 1, 1),
(727, '1144', '1144_they_46f8a70ac9f7e5c15250adc10667aeb0', 'they', '2021-07-09 11:27:42', 1, 1, 1);

-- --------------------------------------------------------

--
-- 資料表結構 `practice`
--

CREATE TABLE `practice` (
  `pt_id` int(10) UNSIGNED NOT NULL,
  `pt_name` varchar(100) NOT NULL,
  `title_id` int(10) UNSIGNED NOT NULL
) ENGINE=InnoDB DEFAULT CHARSET=utf8 COMMENT='自主練習(建築物內)。';

--
-- 傾印資料表的資料 `practice`
--

INSERT INTO `practice` (`pt_id`, `pt_name`, `title_id`) VALUES
(1, 'L - 1', 1),
(2, 'L - 1', 2),
(3, 'L - 1', 3),
(4, 'L - 1', 4),
(5, 'L - 1', 5),
(6, 'L - 1', 6),
(7, 'L - 1', 7),
(8, 'L - 1', 8),
(9, 'L - 1', 9),
(10, 'L - 1', 10),
(11, 'L - 1', 11),
(12, 'L - 1', 12),
(13, 'L - 1', 13),
(14, 'L - 1', 14),
(15, 'L - 2', 1),
(16, 'L - 2', 2),
(17, 'L - 2', 3),
(18, 'L - 2', 4),
(19, 'L - 2', 5),
(20, 'L - 2', 6),
(21, 'L - 2', 7),
(22, 'L - 2', 8),
(23, 'L - 2', 9),
(24, 'L - 2', 10),
(25, 'L - 2', 11),
(26, 'L - 2', 12),
(27, 'L - 2', 13),
(28, 'L - 2', 14),
(29, 'L - 3', 1),
(30, 'L - 3', 2),
(31, 'L - 3', 3),
(32, 'L - 3', 4),
(33, 'L - 3', 5),
(34, 'L - 3', 6),
(35, 'L - 3', 7),
(36, 'L - 3', 8),
(37, 'L - 3', 9),
(38, 'L - 3', 10),
(39, 'L - 3', 11),
(40, 'L - 3', 12),
(41, 'L - 3', 13),
(42, 'L - 3', 14),
(43, 'L - 4', 1),
(44, 'L - 4', 2),
(45, 'L - 4', 3),
(46, 'L - 4', 4),
(47, 'L - 4', 5),
(48, 'L - 4', 6),
(49, 'L - 4', 7),
(50, 'L - 4', 8),
(51, 'L - 4', 9),
(52, 'L - 4', 10),
(53, 'L - 4', 11),
(54, 'L - 4', 12),
(55, 'L - 4', 13),
(56, 'L - 4', 14),
(57, 'L - 5', 1),
(58, 'L - 5', 2),
(59, 'L - 5', 3),
(60, 'L - 5', 4),
(61, 'L - 5', 5),
(62, 'L - 5', 6),
(63, 'L - 5', 7),
(64, 'L - 5', 8),
(65, 'L - 5', 9),
(66, 'L - 5', 10),
(67, 'L - 5', 11),
(68, 'L - 5', 12),
(69, 'L - 5', 13),
(70, 'L - 5', 14),
(71, 'L - 6', 1),
(72, 'L - 6', 2),
(73, 'L - 6', 3),
(74, 'L - 6', 4),
(75, 'L - 6', 5),
(76, 'L - 6', 6),
(77, 'L - 6', 7),
(78, 'L - 6', 8),
(79, 'L - 6', 9),
(80, 'L - 6', 10),
(81, 'L - 6', 11),
(82, 'L - 6', 12),
(83, 'L - 6', 13),
(84, 'L - 6', 14),
(85, 'L - 7', 1),
(86, 'L - 7', 2),
(87, 'L - 7', 3),
(88, 'L - 7', 4),
(89, 'L - 7', 5),
(90, 'L - 7', 6),
(91, 'L - 7', 7),
(92, 'L - 7', 8),
(93, 'L - 7', 9),
(94, 'L - 7', 10),
(95, 'L - 7', 11),
(96, 'L - 7', 12),
(97, 'L - 7', 13),
(98, 'L - 7', 14),
(99, 'L - 8', 1),
(100, 'L - 8', 2),
(101, 'L - 8', 3),
(102, 'L - 8', 4),
(103, 'L - 8', 5),
(104, 'L - 8', 6),
(105, 'L - 8', 7),
(106, 'L - 8', 8),
(107, 'L - 8', 9),
(108, 'L - 8', 10),
(109, 'L - 8', 11),
(110, 'L - 8', 12),
(111, 'L - 8', 13),
(112, 'L - 8', 14);

-- --------------------------------------------------------

--
-- 資料表結構 `practice_status`
--

CREATE TABLE `practice_status` (
  `ps_id` int(10) UNSIGNED NOT NULL,
  `ps_account` varchar(100) NOT NULL,
  `theme_id` int(10) UNSIGNED NOT NULL,
  `title_id` int(10) UNSIGNED NOT NULL,
  `practice_id` int(10) UNSIGNED NOT NULL,
  `ps_save_date` datetime NOT NULL
) ENGINE=InnoDB DEFAULT CHARSET=utf8;

--
-- 傾印資料表的資料 `practice_status`
--

INSERT INTO `practice_status` (`ps_id`, `ps_account`, `theme_id`, `title_id`, `practice_id`, `ps_save_date`) VALUES
(731, '0', 1, 1, 1, '2021-06-28 15:59:09'),
(732, '0', 1, 1, 1, '2021-06-28 16:10:12'),
(734, '0', 1, 1, 1, '2021-07-01 13:29:00'),
(735, '0', 1, 1, 1, '2021-07-01 13:33:03'),
(736, '0', 1, 1, 1, '2021-07-08 21:35:36'),
(737, '1144', 1, 1, 1, '2021-07-09 10:27:49'),
(738, '1144', 1, 1, 1, '2021-07-09 10:31:20'),
(739, '1144', 1, 1, 1, '2021-07-09 11:22:34'),
(740, '1144', 1, 1, 1, '2021-07-09 11:24:47'),
(741, '1144', 1, 1, 1, '2021-07-09 11:26:51'),
(742, '1144', 1, 1, 1, '2021-07-09 11:27:36');

-- --------------------------------------------------------

--
-- 資料表結構 `record`
--

CREATE TABLE `record` (
  `au_id` int(10) UNSIGNED NOT NULL,
  `au_account` varchar(100) NOT NULL,
  `au_filename` varchar(100) NOT NULL,
  `au_vocabulary` varchar(100) NOT NULL,
  `theme_id` int(10) UNSIGNED NOT NULL,
  `title_id` int(10) UNSIGNED NOT NULL,
  `practice_id` int(10) UNSIGNED NOT NULL,
  `au_save_date` datetime NOT NULL
) ENGINE=InnoDB DEFAULT CHARSET=utf8 COMMENT='錄音資訊。';

--
-- 傾印資料表的資料 `record`
--

INSERT INTO `record` (`au_id`, `au_account`, `au_filename`, `au_vocabulary`, `theme_id`, `title_id`, `practice_id`, `au_save_date`) VALUES
(3212, '0', '0_boy_0e650bebe4c590d49270241b6a7b2035', 'boy', 1, 1, 1, '2021-06-28 14:27:22'),
(3213, '0', '0_boy_2068b827f7e5d7845b920caa6a885614', 'boy', 1, 1, 1, '2021-06-28 15:31:39'),
(3214, '0', '0_baby_c3d027abc8efcc2595e195e2ff471f98', 'baby', 1, 1, 1, '2021-06-28 15:31:57'),
(3215, '0', '0_arm_e40721dccc6ba8b12f89fb59f4926cda', 'arm', 1, 1, 1, '2021-06-28 15:32:05'),
(3216, '0', '0_bad_7ecc3ed86c96b9368ad88046e79187bd', 'bad', 1, 1, 1, '2021-06-28 15:32:21'),
(3217, '0', '0_baby_50d1f3be2eeb1ab643531292931c83cd', 'baby', 1, 1, 1, '2021-06-28 15:59:16'),
(3218, '0', '0_bad_0752a290b51e63415e3f73d6594e492b', 'bad', 1, 1, 1, '2021-06-28 15:59:24'),
(3219, '0', '0_arm_23c1d397c9fb5a82cff776b865a23bf5', 'arm', 1, 1, 1, '2021-06-28 15:59:34'),
(3220, '0', '0_boy_0b28ed7966c5c4e1870ba5ff539efa60', 'boy', 1, 1, 1, '2021-06-28 15:59:42'),
(3221, '0', '0_bad_8c3fac5dd12d08195315402e101b006f', 'bad', 1, 1, 1, '2021-06-28 16:10:18'),
(3222, '0', '0_boy_ff541553cdf50a25f6435d7b8543ad16', 'boy', 1, 1, 1, '2021-06-28 16:10:26'),
(3223, '0', '0_baby_db070b130f9e05fefb883eae513ce05e', 'baby', 1, 1, 1, '2021-06-28 16:10:33'),
(3224, '0', '0_arm_d00a42bd7a773e2332209b59067e0467', 'arm', 1, 1, 1, '2021-06-28 16:10:43'),
(3229, '0', '0_king_207e147aefb21faa18cbfae0e604e9c7', 'king', 1, 1, 1, '2021-07-01 13:26:53'),
(3230, '0', '0_man_cb4ede5867b32ce199d010e6fbb87b5a', 'man', 1, 1, 1, '2021-07-01 13:27:03'),
(3231, '0', '0_leg_469ac8f536804c051814bf1ab309263f', 'leg', 1, 1, 1, '2021-07-01 13:27:12'),
(3232, '0', '0_Miss_bf4f2fd8c1800fae51be389541053287', 'Miss', 1, 1, 1, '2021-07-01 13:27:19'),
(3233, '0', '0_she_5d2b04c8acd103b5a298cd1a3a1299de', 'she', 1, 1, 1, '2021-07-01 13:29:07'),
(3234, '0', '0_we_c9dfa1ff73291dc25d68a41bb289d0da', 'we', 1, 1, 1, '2021-07-01 13:29:16'),
(3235, '0', '0_tall_4b8d02cb96bfa00cccb881a29580db27', 'tall', 1, 1, 1, '2021-07-01 13:29:25'),
(3236, '0', '0_they_f23c27d8dc52f7d288be3c96eda5b01b', 'they', 1, 1, 1, '2021-07-01 13:29:32'),
(3237, '0', '0_fat_913121c0900cbfdc7fde91bee694f4d5', 'fat', 1, 1, 1, '2021-07-01 13:33:09'),
(3238, '0', '0_girl_925ad6fc78f9723564307d603b07c6b1', 'girl', 1, 1, 1, '2021-07-01 13:33:18'),
(3239, '0', '0_good_9d6a4b6ceb1c7599bda3d121adabdaca', 'good', 1, 1, 1, '2021-07-01 13:33:26'),
(3240, '0', '0_eye_d58de3b8e3d722b4ab05fa0b8bfa6182', 'eye', 1, 1, 1, '2021-07-01 13:33:34'),
(3241, '0', '0_kid_13aff31a00569f40ca79e0499f4d1cfd', 'kid', 1, 1, 1, '2021-07-08 19:51:24'),
(3242, '0', '0_ear_97fec7a5b5bb36afb3124cb116cce6c8', 'ear', 1, 1, 1, '2021-07-08 21:39:05'),
(3243, '0', '0_bad_39da72fa2abb41dc58cb2a787b3f87ec', 'bad', 1, 1, 1, '2021-07-08 21:41:35'),
(3244, '0', '0_baby_b9d187baae720eaac3712ebb4690cfc6', 'baby', 1, 1, 1, '2021-07-08 21:41:44'),
(3245, '0', '0_boy_391bc4bd53f4df3e099e2af8ffdd2aa2', 'boy', 1, 1, 1, '2021-07-08 21:42:02'),
(3246, '1144', '1144_sad_b01b6644cd8b54f34738e00a89f41df3', 'sad', 1, 1, 1, '2021-07-09 10:27:55'),
(3247, '1144', '1144_nose_9c08be202fb884273db64fc775129581', 'nose', 1, 1, 1, '2021-07-09 10:28:02'),
(3248, '1144', '1144_she_0bc3c0bd6638c3fdc4fa22a688a38262', 'she', 1, 1, 1, '2021-07-09 10:28:10'),
(3249, '1144', '1144_nice_8edaff0fd4eebf1cd27d4b40479689e5', 'nice', 1, 1, 1, '2021-07-09 10:28:18'),
(3250, '1144', '1144_we_82c4773a92f8ecfe752da48084310a46', 'we', 1, 1, 1, '2021-07-09 10:31:26'),
(3251, '1144', '1144_she_44512e8bcbc25c33a91a59802eee75f3', 'she', 1, 1, 1, '2021-07-09 10:31:36'),
(3252, '1144', '1144_tall_13d8aee685e247f85154990397b10739', 'tall', 1, 1, 1, '2021-07-09 10:31:46'),
(3253, '1144', '1144_they_aaa57796e57a3e21261e42e204d04449', 'they', 1, 1, 1, '2021-07-09 10:31:56'),
(3254, '1144', '1144_leg_9a57b6da441261538cc0c0803a9744a5', 'leg', 1, 1, 1, '2021-07-09 11:22:40'),
(3255, '1144', '1144_kid_7a3ca11d3db8b72924f7d244ae0e3674', 'kid', 1, 1, 1, '2021-07-09 11:22:47'),
(3256, '1144', '1144_king_173647dafc27a04c435a1149da6986ab', 'king', 1, 1, 1, '2021-07-09 11:22:56'),
(3257, '1144', '1144_man_287e315abc92ef9b9f209ee7f9339132', 'man', 1, 1, 1, '2021-07-09 11:23:07'),
(3258, '1144', '1144_man_616007a220b869bc7f2de3dd0141386c', 'man', 1, 1, 1, '2021-07-09 11:24:55'),
(3259, '1144', '1144_kid_eeddbab046e48a6bec80adefc51e3c90', 'kid', 1, 1, 1, '2021-07-09 11:25:03'),
(3260, '1144', '1144_leg_671fd816385f3e5e4d73cf7398e6bf40', 'leg', 1, 1, 1, '2021-07-09 11:25:11'),
(3261, '1144', '1144_king_897724e12f718534615d774d1c87c3e9', 'king', 1, 1, 1, '2021-07-09 11:25:18'),
(3262, '1144', '1144_boy_92a410275e3f180c6ecfc991c890ed16', 'boy', 1, 1, 1, '2021-07-09 11:26:56'),
(3263, '1144', '1144_baby_7d9f3d2942e73fb4b5ce11be85450e64', 'baby', 1, 1, 1, '2021-07-09 11:27:03'),
(3264, '1144', '1144_ear_047188eca439dbbe776651da8cbac139', 'ear', 1, 1, 1, '2021-07-09 11:27:11'),
(3265, '1144', '1144_bad_b62007e7046032ea6d2e9c05de751e60', 'bad', 1, 1, 1, '2021-07-09 11:27:19'),
(3266, '1144', '1144_they_46f8a70ac9f7e5c15250adc10667aeb0', 'they', 1, 1, 1, '2021-07-09 11:27:42'),
(3267, '1144', '1144_sad_5982803d06ee2650e9f7eefb5e41b0ee', 'sad', 1, 1, 1, '2021-07-09 11:27:50'),
(3268, '1144', '1144_tall_8b6bf43300273802cf0b1ef27ff52b5f', 'tall', 1, 1, 1, '2021-07-09 11:27:58'),
(3269, '1144', '1144_she_154838c8be8de764f8e6d34b1131a2db', 'she', 1, 1, 1, '2021-07-09 11:28:07');

-- --------------------------------------------------------

--
-- 資料表結構 `theme`
--

CREATE TABLE `theme` (
  `theme_id` int(10) UNSIGNED NOT NULL,
  `theme_name` varchar(100) CHARACTER SET ascii NOT NULL,
  `theme_code` tinyint(2) UNSIGNED NOT NULL
) ENGINE=InnoDB DEFAULT CHARSET=utf8 COMMENT='主題(島)，定義。animals - 0';

--
-- 傾印資料表的資料 `theme`
--

INSERT INTO `theme` (`theme_id`, `theme_name`, `theme_code`) VALUES
(1, 'Elementary school\n1200 word', 0);

-- --------------------------------------------------------

--
-- 資料表結構 `title`
--

CREATE TABLE `title` (
  `title_id` int(10) UNSIGNED NOT NULL,
  `title_name` varchar(100) NOT NULL,
  `theme_id` int(10) UNSIGNED NOT NULL
) ENGINE=InnoDB DEFAULT CHARSET=utf8 COMMENT='標題(建築物)';

--
-- 傾印資料表的資料 `title`
--

INSERT INTO `title` (`title_id`, `title_name`, `theme_id`) VALUES
(1, 'People', 1),
(2, 'Measure', 1),
(3, 'Food', 1),
(4, 'Hobby', 1),
(5, 'Thing', 1),
(6, 'Transport', 1),
(7, 'School', 1),
(8, 'Place', 1),
(9, 'Animals and Insects', 1),
(10, 'Holiday and Nature', 1),
(11, 'Noun', 1),
(12, 'Verb', 1),
(13, 'Adjective', 1),
(14, 'Other', 1);

-- --------------------------------------------------------

--
-- 資料表結構 `vocabulary_library`
--

CREATE TABLE `vocabulary_library` (
  `vl_id` int(10) UNSIGNED NOT NULL,
  `vl_vocabulary` varchar(100) NOT NULL COMMENT '英文',
  `vl_definition` varchar(100) NOT NULL COMMENT '中文',
  `vl_part_of_speech` varchar(100) NOT NULL COMMENT '詞性',
  `title_id` int(10) UNSIGNED NOT NULL COMMENT 'totle_編號',
  `practice_id` int(10) UNSIGNED NOT NULL COMMENT 'practice_編號',
  `vl_upload_date` datetime NOT NULL COMMENT '時間'
) ENGINE=InnoDB DEFAULT CHARSET=utf8 COMMENT='單字庫';

--
-- 傾印資料表的資料 `vocabulary_library`
--

INSERT INTO `vocabulary_library` (`vl_id`, `vl_vocabulary`, `vl_definition`, `vl_part_of_speech`, `title_id`, `practice_id`, `vl_upload_date`) VALUES
(239, 'arm', '手臂', '名詞 (N.)', 1, 1, '2021-06-28 13:31:02'),
(240, 'baby', '嬰兒', '名詞 (N.)', 1, 1, '2021-06-28 13:31:02'),
(241, 'bad', '不好的', '形容詞 (adj.)', 1, 1, '2021-06-28 13:31:02'),
(242, 'ball', '球', '名詞 (N.)', 4, 4, '2021-06-28 13:31:02'),
(243, 'bed', '床', '名詞 (N.)', 5, 5, '2021-06-28 13:31:02'),
(244, 'big', '大', '形容詞 (adj.)', 2, 2, '2021-06-28 13:31:02'),
(246, 'boy', '男孩', '名詞 (N.)', 1, 1, '2021-06-28 13:31:02'),
(247, 'bus', '巴士', '名詞 (N.)', 6, 6, '2021-06-28 13:31:02'),
(248, 'car', '車子', '名詞 (N.)', 6, 6, '2021-06-28 13:31:02'),
(249, 'card', '卡片', '名詞 (N.)', 4, 4, '2021-06-28 13:31:02'),
(251, 'come', '來', '動詞 (V.)', 12, 12, '2021-06-28 13:31:02'),
(252, 'cup', '杯子', '名詞 (N.)', 2, 2, '2021-06-28 13:31:02'),
(253, 'desk', '書桌', '名詞 (N.)', 5, 5, '2021-06-28 13:31:02'),
(254, 'do', '做', '動詞 (V.)', 14, 14, '2021-06-28 13:31:02'),
(256, 'door', '門', '名詞 (N.)', 5, 5, '2021-06-28 13:31:02'),
(257, 'ear', '耳朵', '名詞 (N.)', 1, 1, '2021-06-28 13:31:02'),
(259, 'eight', '八', '名詞 (N.)', 2, 2, '2021-06-28 13:31:02'),
(260, 'eye', '眼睛', '名詞 (N.)', 1, 1, '2021-06-28 13:31:02'),
(261, 'fat', '胖', '形容詞 (adj.)', 1, 1, '2021-06-28 13:31:02'),
(262, 'fine', '很好', '形容詞 (adj.)', 13, 13, '2021-06-28 13:31:02'),
(263, 'five', '五', '名詞 (N.)', 2, 2, '2021-06-28 13:31:02'),
(265, 'four', '四', '名詞 (N.)', 2, 2, '2021-06-28 13:31:02'),
(266, 'girl', '女孩', '名詞 (N.)', 1, 1, '2021-06-28 13:31:02'),
(267, 'go', '去', '動詞 (V.)', 12, 12, '2021-06-28 13:31:02'),
(268, 'good', '好', '形容詞 (adj.)', 1, 1, '2021-06-28 13:31:02'),
(269, 'great', '很棒；偉大', '形容詞 (adj.)', 13, 13, '2021-06-28 13:31:02'),
(270, 'he', '他', '代名詞 (pron.)', 1, 1, '2021-06-28 13:31:02'),
(271, 'here', '這裡', '副詞 (adv.)', 8, 8, '2021-06-28 13:31:02'),
(272, 'home', '家', '名詞 (N.)', 5, 5, '2021-06-28 13:31:02'),
(274, 'how', '如何', '副詞 (adv.)', 14, 14, '2021-06-28 13:31:03'),
(275, 'I', '我', '代名詞 (pron.)', 1, 1, '2021-06-28 13:31:03'),
(276, 'In', '在….裡面', '介系詞 (prep.)', 14, 14, '2021-06-28 13:31:03'),
(277, 'is', '是', '動詞 (V.)', 14, 14, '2021-06-28 13:31:03'),
(278, 'it', '它', '代名詞 (pron.)', 5, 5, '2021-06-28 13:31:03'),
(279, 'job', '工作', '名詞 (N.)', 1, 1, '2021-06-28 13:31:03'),
(280, 'jog', '慢跑', '動詞 (V.)', 4, 4, '2021-06-28 13:31:03'),
(281, 'kid', '小孩', '名詞 (N.)', 1, 1, '2021-06-28 13:31:03'),
(282, 'king', '國王', '名詞 (N.)', 1, 1, '2021-06-28 13:31:03'),
(283, 'leg', '腿', '名詞 (N.)', 1, 1, '2021-06-28 13:31:03'),
(285, 'love', '愛', '動詞 (V.)', 12, 12, '2021-06-28 13:31:03'),
(287, 'man', '男人', '名詞 (N.)', 1, 1, '2021-06-28 13:31:03'),
(290, 'moon', '月亮', '名詞 (N.)', 10, 10, '2021-06-28 13:31:03'),
(291, 'Mr.', '先生', '縮寫 (abbr.)', 1, 1, '2021-06-28 13:31:03'),
(292, 'Mrs.', '太太', '縮寫 (abbr.)', 1, 1, '2021-06-28 13:31:03'),
(293, 'Ms.', '小姐', '縮寫 (abbr.)', 1, 1, '2021-06-28 13:31:03'),
(294, 'name', '名字', '名詞 (N.)', 1, 1, '2021-06-28 13:31:03'),
(295, 'neck', '脖子', '名詞 (N.)', 1, 1, '2021-06-28 13:31:03'),
(296, 'new', '新的', '形容詞 (adj.)', 13, 13, '2021-06-28 13:31:03'),
(297, 'nice', '很好', '形容詞 (adj.)', 1, 1, '2021-06-28 13:31:03'),
(298, 'nine', '九', '名詞 (N.)', 2, 2, '2021-06-28 13:31:03'),
(299, 'no', '不是', '副詞 (adv.)', 14, 14, '2021-06-28 13:31:03'),
(300, 'nose', '鼻子', '名詞 (N.)', 1, 1, '2021-06-28 13:31:03'),
(301, 'not', '不', '副詞 (adv.)', 14, 14, '2021-06-28 13:31:03'),
(302, 'now', '現在', '副詞 (adv.)', 2, 2, '2021-06-28 13:31:03'),
(303, 'OK', '好', '形容詞 (adj.)', 14, 14, '2021-06-28 13:31:03'),
(304, 'one', '一', '名詞 (N.)', 2, 2, '2021-06-28 13:31:03'),
(305, 'or', '或', '連接詞 (conj.)', 14, 14, '2021-06-28 13:31:03'),
(311, 'red', '紅色', '名詞 (N.)', 10, 10, '2021-06-28 13:31:03'),
(312, 'room', '房間；空間', '名詞 (N.)', 5, 5, '2021-06-28 13:31:03'),
(313, 'run', '跑', '動詞 (V.)', 4, 4, '2021-06-28 13:31:03'),
(314, 'sad', '悲傷；難過', '形容詞 (adj.)', 1, 1, '2021-06-28 13:31:03'),
(316, 'seven', '七', '名詞 (N.)', 2, 2, '2021-06-28 13:31:03'),
(317, 'she', '她', '代名詞 (pron.)', 1, 1, '2021-06-28 13:31:03'),
(318, 'sit', '坐', '動詞 (V.)', 12, 12, '2021-06-28 13:31:03'),
(319, 'six', '六', '名詞 (N.)', 2, 2, '2021-06-28 13:31:03'),
(320, 'sky', '天空', '名詞 (N.)', 10, 10, '2021-06-28 13:31:03'),
(321, 'sun', '太陽', '名詞 (N.)', 10, 10, '2021-06-28 13:31:03'),
(322, 'tall', '高', '形容詞 (adj.)', 1, 1, '2021-06-28 13:31:03'),
(324, 'ten', '十', '名詞 (N.)', 2, 2, '2021-06-28 13:31:03'),
(325, 'that', '那個', '代名詞 (pron.)', 14, 14, '2021-06-28 13:31:03'),
(326, 'they', '他們', '代名詞 (pron.)', 1, 1, '2021-06-28 13:31:03'),
(327, 'three', '三', '名詞 (N.)', 2, 2, '2021-06-28 13:31:03'),
(328, 'today', '今天', '名詞 (N.)', 2, 2, '2021-06-28 13:31:03'),
(329, 'too', '也', '副詞 (adv.)', 14, 14, '2021-06-28 13:31:03'),
(330, 'toy', '玩具', '名詞 (N.)', 4, 4, '2021-06-28 13:31:03'),
(331, 'tree', '樹', '名詞 (N.)', 11, 11, '2021-06-28 13:31:03'),
(332, 'two', '二', '名詞 (N.)', 2, 2, '2021-06-28 13:31:03'),
(333, 'walk', '走路', '動詞 (V.)', 12, 12, '2021-06-28 13:31:03'),
(335, 'we', '我們', '代名詞 (pron.)', 1, 1, '2021-06-28 13:31:03'),
(336, 'what', '什麼', '代名詞 (pron.)', 14, 14, '2021-06-28 13:31:03'),
(337, 'who', '誰', '代名詞 (pron.)', 14, 14, '2021-06-28 13:31:03'),
(338, 'yes', '是', '副詞 (adv.)', 14, 14, '2021-06-28 13:31:03'),
(339, 'you', '你；你們', '代名詞 (pron.)', 1, 1, '2021-06-28 13:31:03'),
(438, 'air', '空氣', '名詞 (N.)', 10, 24, '2021-07-01 22:27:21'),
(439, 'and', '和/並且', '連接詞 (conj.)', 14, 28, '2021-07-01 22:27:21'),
(443, 'birthday', '生日', '名詞 (N.)', 11, 25, '2021-07-01 22:27:21'),
(444, 'black', '黑色(的)', '形容詞 (adj.)', 10, 24, '2021-07-01 22:27:21'),
(445, 'box', '箱子；盒子', '名詞 (N.)', 5, 19, '2021-07-01 22:27:21'),
(446, 'brother', '兄弟', '名詞 (N.)', 1, 15, '2021-07-01 22:27:21'),
(447, 'brown', '棕色', '形容詞 (adj.)', 10, 24, '2021-07-01 22:27:21'),
(448, 'busy', '忙碌', '形容詞 (adj.)', 1, 15, '2021-07-01 22:27:21'),
(449, 'but', '但是', '連接詞 (conj.)', 14, 28, '2021-07-01 22:27:21'),
(452, 'cap', '鴨舌帽', '名詞 (N.)', 5, 19, '2021-07-01 22:27:21'),
(453, 'chair', '椅子', '名詞 (N.)', 5, 19, '2021-07-01 22:27:21'),
(456, 'clock', '鐘；時鐘', '名詞 (N.)', 2, 16, '2021-07-01 22:27:21'),
(457, 'close', '關(上)', '形容詞 (adj.)', 12, 26, '2021-07-01 22:27:21'),
(460, 'color', '顏色', '名詞 (N.)', 10, 24, '2021-07-01 22:27:21'),
(462, 'cute', '可愛(的)', '形容詞 (adj.)', 1, 15, '2021-07-01 22:27:21'),
(463, 'day', '日；天/白天', '名詞 (N.)', 2, 16, '2021-07-01 22:27:21'),
(464, 'dear', '親愛的', '形容詞 (adj.)', 13, 27, '2021-07-01 22:27:21'),
(465, 'dirty', '骯髒(的)', '形容詞 (adj.)', 13, 27, '2021-07-01 22:27:21'),
(466, 'doll', '洋娃娃', '名詞 (N.)', 4, 18, '2021-07-01 22:27:21'),
(467, 'draw', '畫', '動詞 (V.)', 4, 18, '2021-07-01 22:27:21'),
(470, 'father', '父親', '名詞 (N.)', 1, 15, '2021-07-01 22:27:21'),
(471, 'flower', '花', '名詞 (N.)', 11, 25, '2021-07-01 22:27:21'),
(473, 'friendly', '友善的', '形容詞 (adj.)', 1, 15, '2021-07-01 22:27:21'),
(476, 'give', '給(予)', '動詞 (V.)', 12, 26, '2021-07-01 22:27:21'),
(478, 'gray', '灰色', '形容詞 (adj.)', 10, 24, '2021-07-01 22:27:21'),
(479, 'green', '綠色', '形容詞 (adj.)', 10, 24, '2021-07-01 22:27:21'),
(481, 'hello', '哈囉', '感歎詞 (Int.)', 14, 28, '2021-07-01 22:27:21'),
(483, 'hey', '嘿', '感歎詞 (Int.)', 14, 28, '2021-07-01 22:27:21'),
(484, 'hi', '嗨', '感歎詞 (Int.)', 14, 28, '2021-07-01 22:27:21'),
(487, 'old', '老的/舊的', '形容詞 (adj.)', 1, 15, '2021-07-01 22:27:21'),
(488, 'on', '在~上面', '介系詞 (prep.)', 14, 28, '2021-07-01 22:27:21'),
(490, 'picnic', '野餐', '名詞 (N.)', 4, 18, '2021-07-01 22:27:21'),
(491, 'pink', '粉紅色(的)', '形容詞 (adj.)', 10, 24, '2021-07-01 22:27:21'),
(492, 'please', '請；拜託', '動詞 (V.)', 12, 26, '2021-07-01 22:27:21'),
(494, 'real', '真實的', '形容詞 (adj.)', 13, 27, '2021-07-01 22:27:21'),
(499, 'sea', '海', '名詞 (N.)', 8, 22, '2021-07-01 22:27:21'),
(500, 'see', '看見', '動詞 (V.)', 12, 26, '2021-07-01 22:27:21'),
(502, 'ship', '船', '名詞 (N.)', 6, 20, '2021-07-01 22:27:21'),
(503, 'shirt', '襯衫', '名詞 (N.)', 5, 19, '2021-07-01 22:27:21'),
(504, 'short', '短/矮的', '形容詞 (adj.)', 1, 15, '2021-07-01 22:27:22'),
(505, 'shy', '害羞的', '形容詞 (adj.)', 1, 15, '2021-07-01 22:27:22'),
(506, 'sing', '唱歌；唱', '動詞 (V.)', 4, 18, '2021-07-01 22:27:22'),
(507, 'singer', '歌手；歌星', '名詞 (N.)', 1, 15, '2021-07-01 22:27:22'),
(508, 'sister', '姐妹/修女', '名詞 (N.)', 1, 15, '2021-07-01 22:27:22'),
(509, 'slow', '慢的', '形容詞 (adj.)', 6, 20, '2021-07-01 22:27:22'),
(510, 'small', '小的', '形容詞 (adj.)', 2, 16, '2021-07-01 22:27:22'),
(511, 'sofa', '沙發', '名詞 (N.)', 5, 19, '2021-07-01 22:27:22'),
(512, 'son', '兒子', '名詞 (N.)', 1, 15, '2021-07-01 22:27:22'),
(513, 'song', '歌曲；歌', '名詞 (N.)', 4, 18, '2021-07-01 22:27:22'),
(515, 'stand', '站立 /忍受 /攤位', '動詞 (V.)', 12, 26, '2021-07-01 22:27:22'),
(516, 'store', '商店；儲藏', '名詞 (N.)', 8, 22, '2021-07-01 22:27:22'),
(518, 'study', '研讀；讀 /書房', '動詞 (V.)', 5, 19, '2021-07-01 22:27:22'),
(519, 'table', '桌子', '名詞 (N.)', 5, 19, '2021-07-01 22:27:22'),
(522, 'thank', '感謝；謝謝', '動詞 (V.)', 12, 26, '2021-07-01 22:27:22'),
(523, 'these', '這些', '代名詞 (pron.)', 14, 28, '2021-07-01 22:27:22'),
(524, 'those', '那些', '代名詞 (pron.)', 14, 28, '2021-07-01 22:27:22'),
(525, 'toe', '腳趾', '名詞 (N.)', 1, 15, '2021-07-01 22:27:22'),
(526, 'under', '在….之下', '介系詞 (prep.)', 14, 28, '2021-07-01 22:27:22'),
(527, 'very', '非常；很', '副詞 (adv.)', 14, 28, '2021-07-01 22:27:22'),
(528, 'want', '想要；要', '動詞 (V.)', 12, 26, '2021-07-01 22:27:22'),
(529, 'wash', '洗', '動詞 (V.)', 8, 22, '2021-07-01 22:27:22'),
(530, 'week', '星期；週', '名詞 (N.)', 2, 16, '2021-07-01 22:27:22'),
(531, 'white', '白色的', '形容詞 (adj.)', 10, 24, '2021-07-01 22:27:22'),
(532, 'woman', '女人', '名詞 (N.)', 1, 15, '2021-07-01 22:27:22'),
(533, 'year', '年', '名詞 (N.)', 2, 16, '2021-07-01 22:27:22'),
(534, 'yellow', '黃色', '形容詞 (adj.)', 10, 24, '2021-07-01 22:27:22'),
(535, 'zoo', '動物園', '名詞 (N.)', 8, 22, '2021-07-01 22:27:22'),
(536, 'about', '大約;關於', '介系詞 (prep.)', 14, 42, '2021-07-02 00:53:22'),
(537, 'after', '在...之後', '介系詞 (prep.)', 14, 42, '2021-07-02 00:53:22'),
(538, 'afternoon', '下午;午後', '名詞 (N.)', 2, 30, '2021-07-02 00:53:22'),
(539, 'ago', '以前', '副詞 (adv.)', 2, 30, '2021-07-02 00:53:22'),
(540, 'america', '美國;美洲', '名詞 (N.)', 8, 36, '2021-07-02 00:53:22'),
(542, 'any', '任何一個', '形容詞 (adj.)', 2, 30, '2021-07-02 00:53:22'),
(544, 'autumn', '秋天;秋季', '名詞 (N.)', 2, 30, '2021-07-02 00:53:22'),
(545, 'bag', '袋子', '名詞 (N.)', 5, 33, '2021-07-02 00:53:22'),
(548, 'bicycle', '腳踏車', '名詞 (N.)', 6, 34, '2021-07-02 00:53:22'),
(549, 'bike', '腳踏車', '動詞 (V.)', 6, 34, '2021-07-02 00:53:22'),
(550, 'body', '身體', '名詞 (N.)', 1, 29, '2021-07-02 00:53:22'),
(553, 'child', '小孩', '名詞 (N.)', 1, 29, '2021-07-02 00:53:22'),
(554, 'coat', '外套', '名詞 (N.)', 5, 33, '2021-07-02 00:53:22'),
(555, 'computer', '電腦', '名詞 (N.)', 5, 33, '2021-07-02 00:53:22'),
(557, 'cry', '哭叫', '動詞 (V.)', 12, 40, '2021-07-02 00:53:22'),
(558, 'daddy', '父親', '名詞 (N.)', 1, 29, '2021-07-02 00:53:22'),
(559, 'dance', '舞會', '動詞 (V.)', 4, 32, '2021-07-02 00:53:22'),
(560, 'die', '骰子', '動詞 (V.)', 1, 29, '2021-07-02 00:53:22'),
(561, 'dining room', '飯廳', '名詞 (N.)', 8, 36, '2021-07-02 00:53:22'),
(563, 'dollar', '美元', '名詞 (N.)', 2, 30, '2021-07-02 00:53:22'),
(564, 'down', '向下', '介系詞 (prep.)', 14, 42, '2021-07-02 00:53:22'),
(565, 'dress', '洋裝', '動詞 (V.)', 5, 33, '2021-07-02 00:53:22'),
(567, 'drive', '開車', '動詞 (V.)', 6, 34, '2021-07-02 00:53:22'),
(568, 'dry', '乾的', '形容詞 (adj.)', 10, 38, '2021-07-02 00:53:22'),
(571, 'eleven', '十一', '形容詞 (adj.)', 2, 30, '2021-07-02 00:53:22'),
(573, 'evening', '即使', '形容詞 (adj.)', 2, 30, '2021-07-02 00:53:22'),
(574, 'every', '每一個的', '形容詞 (adj.)', 14, 42, '2021-07-02 00:53:22'),
(575, 'family', '家庭', '名詞 (N.)', 1, 29, '2021-07-02 00:53:22'),
(576, 'feel', '感覺', '動詞 (V.)', 12, 40, '2021-07-02 00:53:22'),
(577, 'fly', '蒼蠅', '動詞 (V.)', 6, 34, '2021-07-02 00:53:22'),
(578, 'friend', '朋友', '名詞 (N.)', 1, 29, '2021-07-02 00:53:22'),
(579, 'good-bye', '告別', '感歎詞 (Int.)', 14, 42, '2021-07-02 00:53:22'),
(580, 'hair', '頭髮', '名詞 (N.)', 1, 29, '2021-07-02 00:53:22'),
(581, 'hand', '手', '動詞 (V.)', 1, 29, '2021-07-02 00:53:22'),
(582, 'hat', '帽子', '名詞 (N.)', 5, 33, '2021-07-02 00:53:22'),
(583, 'head', '頭;首長', '名詞 (N.)', 1, 29, '2021-07-02 00:53:22'),
(584, 'help', '幫忙', '動詞 (V.)', 12, 40, '2021-07-02 00:53:22'),
(587, 'hour', '小時', '名詞 (N.)', 2, 30, '2021-07-02 00:53:22'),
(588, 'house', '房子', '名詞 (N.)', 5, 33, '2021-07-02 00:53:22'),
(592, 'into', '進入', '介系詞 (prep.)', 14, 42, '2021-07-02 00:53:22'),
(593, 'invite', '邀請', '動詞 (V.)', 12, 40, '2021-07-02 00:53:22'),
(594, 'join', '加入', '動詞 (V.)', 12, 40, '2021-07-02 00:53:22'),
(596, 'kick', '踢', '動詞 (V.)', 12, 40, '2021-07-02 00:53:22'),
(597, 'kiss', '吻', '動詞 (V.)', 12, 40, '2021-07-02 00:53:22'),
(598, 'kitchen', '廚房', '名詞 (N.)', 8, 36, '2021-07-02 00:53:22'),
(599, 'kite', '風箏', '名詞 (N.)', 4, 32, '2021-07-02 00:53:22'),
(601, 'money', '錢', '名詞 (N.)', 2, 30, '2021-07-02 00:53:22'),
(602, 'morning', '早晨', '名詞 (N.)', 2, 30, '2021-07-02 00:53:22'),
(603, 'need', '需要,必須', '動詞 (V.)', 12, 40, '2021-07-02 00:53:22'),
(604, 'clock', '點鐘', '名詞 (N.)', 2, 30, '2021-07-02 00:53:22'),
(605, 'phone', '電話', '名詞 (N.)', 5, 33, '2021-07-02 00:53:22'),
(606, 'really', '真實的', '形容詞 (adj.)', 14, 42, '2021-07-02 00:53:22'),
(608, 'sleep', '睡覺', '動詞 (V.)', 12, 40, '2021-07-02 00:53:22'),
(610, 'star', '星星;明星', '名詞 (N.)', 10, 38, '2021-07-02 00:53:22'),
(611, 'start', '開始', '動詞 (V.)', 12, 40, '2021-07-02 00:53:22'),
(612, 'telephone', '電話', '名詞 (N.)', 5, 33, '2021-07-02 00:53:22'),
(613, 'there', '在那裡', '副詞 (adv.)', 8, 36, '2021-07-02 00:53:22'),
(614, 'together', '一同', '副詞 (adv.)', 14, 42, '2021-07-02 00:53:22'),
(615, 'train', '火車', '名詞 (N.)', 6, 34, '2021-07-02 00:53:22'),
(616, 'trip', '旅行', '名詞 (N.)', 6, 34, '2021-07-02 00:53:22'),
(617, 'truck', '卡車', '名詞 (N.)', 6, 34, '2021-07-02 00:53:22'),
(618, 'try', '試做', '動詞 (V.)', 12, 40, '2021-07-02 00:53:22'),
(619, 'up', '向...上', '副詞 (adv.)', 14, 42, '2021-07-02 00:53:22'),
(620, 'wait', '等候', '動詞 (V.)', 12, 40, '2021-07-02 00:53:22'),
(621, 'wear', '穿著, 磨損, 使力竭', '動詞 (V.)', 12, 40, '2021-07-02 00:53:22'),
(622, 'weather', '天氣', '名詞 (N.)', 10, 38, '2021-07-02 00:53:22'),
(623, 'when', '何時', '副詞 (adv.)', 14, 42, '2021-07-02 00:53:22'),
(624, 'where', '在哪兒', '副詞 (adv.)', 14, 42, '2021-07-02 00:53:22'),
(625, 'why', '為什麼', '副詞 (adv.)', 14, 42, '2021-07-02 00:53:22'),
(626, 'with', '跟...在一起;有', '介系詞 (prep.)', 14, 42, '2021-07-02 00:53:22'),
(628, 'work', '工作,作品', '動詞 (V.)', 1, 29, '2021-07-02 00:53:22'),
(629, 'worker', '工人', '名詞 (N.)', 1, 29, '2021-07-02 00:53:22'),
(631, 'yesterday', '昨天', '形容詞 (adj.)', 2, 30, '2021-07-02 00:53:22'),
(632, 'zero', '零', '形容詞 (adj.)', 2, 30, '2021-07-02 00:53:22'),
(633, 'bird', '鳥', '名詞 (N.)', 9, 9, '2021-07-11 16:39:59'),
(634, 'cat', '貓', '名詞 (N.)', 9, 9, '2021-07-11 16:39:59'),
(635, 'dog', '狗', '名詞 (N.)', 9, 9, '2021-07-11 16:39:59'),
(636, 'lion', '獅子', '名詞 (N.)', 9, 9, '2021-07-11 16:39:59'),
(637, 'pet', '寵物', '名詞 (N.)', 9, 23, '2021-07-11 16:39:59'),
(638, 'pig', '豬', '名詞 (N.)', 9, 23, '2021-07-11 16:39:59'),
(639, 'cow', '乳牛；母牛', '名詞 (N.)', 9, 23, '2021-07-11 16:39:59'),
(640, 'fox', '狐狸', '名詞 (N.)', 9, 23, '2021-07-11 16:39:59'),
(641, 'frog', '青蛙', '名詞 (N.)', 9, 37, '2021-07-11 16:39:59'),
(642, 'hen', '母雞', '名詞 (N.)', 9, 37, '2021-07-11 16:39:59'),
(643, 'hippo', '河馬', '名詞 (N.)', 9, 37, '2021-07-11 16:39:59'),
(644, 'sheep', '綿羊', '名詞 (N.)', 9, 37, '2021-07-11 16:39:59'),
(645, 'animal', '動物', '名詞 (N.)', 9, 51, '2021-07-11 16:39:59'),
(646, 'duck', '鴨', '名詞 (N.)', 9, 51, '2021-07-11 16:39:59'),
(647, 'elephant', '大象', '名詞 (N.)', 9, 51, '2021-07-11 16:39:59'),
(648, 'horse', '馬', '名詞 (N.)', 9, 51, '2021-07-11 16:39:59'),
(649, 'egg', '蛋', '名詞 (N.)', 3, 3, '2021-07-11 16:39:59'),
(650, 'soup', '湯', '名詞 (N.)', 3, 3, '2021-07-11 16:39:59'),
(651, 'food', '食物', '名詞 (N.)', 3, 3, '2021-07-11 16:39:59'),
(652, 'rice', '米', '名詞 (N.)', 3, 3, '2021-07-11 16:39:59'),
(653, 'milk', '牛奶', '名詞 (N.)', 3, 17, '2021-07-11 16:39:59'),
(654, 'pie', '派', '名詞 (N.)', 3, 17, '2021-07-11 16:39:59'),
(655, 'tea', '茶', '名詞 (N.)', 3, 17, '2021-07-11 16:39:59'),
(656, 'water', '水', '名詞 (N.)', 3, 17, '2021-07-11 16:39:59'),
(657, 'apple', '蘋果', '名詞 (N.)', 3, 31, '2021-07-11 16:39:59'),
(658, 'cake', '蛋糕', '名詞 (N.)', 3, 31, '2021-07-11 16:39:59'),
(659, 'candy', '糖果', '名詞 (N.)', 3, 31, '2021-07-11 16:39:59'),
(660, 'coffee', '咖啡', '名詞 (N.)', 3, 31, '2021-07-11 16:39:59'),
(661, 'coke', '可樂', '名詞 (N.)', 3, 45, '2021-07-11 16:39:59'),
(662, 'fruit', '水果', '名詞 (N.)', 3, 45, '2021-07-11 16:39:59'),
(663, 'ham', '火腿', '名詞 (N.)', 3, 45, '2021-07-11 16:39:59'),
(664, 'sandwich', '三明治', '名詞 (N.)', 3, 45, '2021-07-11 16:39:59'),
(665, 'pen', '筆/鋼筆', '名詞 (N.)', 7, 7, '2021-07-11 16:39:59'),
(666, 'picture', '照片', '名詞 (N.)', 7, 7, '2021-07-11 16:39:59'),
(667, 'say', '說', '動詞 (V.)', 7, 7, '2021-07-11 16:39:59'),
(668, 'word', '字', '名詞 (N.)', 7, 7, '2021-07-11 16:39:59'),
(669, 'classroom', '教室', '名詞 (N.)', 7, 21, '2021-07-11 16:39:59'),
(670, 'pencil', '鉛筆', '名詞 (N.)', 7, 21, '2021-07-11 16:39:59'),
(671, 'english', '英文', '名詞 (N.)', 7, 21, '2021-07-11 16:39:59'),
(672, 'glue', '膠水', '動詞 (V.)', 7, 21, '2021-07-11 16:39:59'),
(673, 'read', '讀', '動詞 (V.)', 7, 35, '2021-07-11 16:39:59'),
(674, 'ruler', '尺', '名詞 (N.)', 7, 35, '2021-07-11 16:39:59'),
(675, 'school', '學校', '名詞 (N.)', 7, 35, '2021-07-11 16:39:59'),
(676, 'student', '學生', '名詞 (N.)', 7, 35, '2021-07-11 16:39:59'),
(677, 'talk', '談話', '動詞 (V.)', 7, 49, '2021-07-11 16:39:59'),
(678, 'teacher', '老師', '名詞 (N.)', 7, 49, '2021-07-11 16:39:59'),
(679, 'ask', '問', '動詞 (V.)', 7, 49, '2021-07-11 16:39:59'),
(680, 'eraser', '橡皮擦', '名詞 (N.)', 7, 49, '2021-07-11 16:39:59');

--
-- 已傾印資料表的索引
--

--
-- 資料表索引 `card`
--
ALTER TABLE `card`
  ADD PRIMARY KEY (`card_id`),
  ADD UNIQUE KEY `card_id_UNIQUE` (`card_id`),
  ADD UNIQUE KEY `picture_filename_UNIQUE` (`picture_filename`),
  ADD UNIQUE KEY `voice_filename_UNIQUE` (`voice_filename`),
  ADD KEY `user_to_card_idx` (`author`),
  ADD KEY `theme_from_card_idx` (`theme_id`),
  ADD KEY `c_practice_id` (`practice_id`),
  ADD KEY `c_title_id` (`title_id`);

--
-- 資料表索引 `exp_click_sound`
--
ALTER TABLE `exp_click_sound`
  ADD PRIMARY KEY (`cs_id`),
  ADD UNIQUE KEY `cs_id_UNIQUE` (`cs_id`),
  ADD KEY `cs_to_theme_idx` (`theme_id`),
  ADD KEY `Cscs_idx` (`cs_account`),
  ADD KEY `cs_title_id` (`title_id`),
  ADD KEY `cs_practice_id` (`practice_id`);

--
-- 資料表索引 `exp_click_tip`
--
ALTER TABLE `exp_click_tip`
  ADD PRIMARY KEY (`ct_id`),
  ADD UNIQUE KEY `ct_id_UNIQUE` (`ct_id`),
  ADD KEY `account_to_ct_idx` (`ct_account`),
  ADD KEY `theme_to_ct_idx` (`theme_id`),
  ADD KEY `ct_title_id` (`title_id`),
  ADD KEY `ct_practice_id` (`practice_id`);

--
-- 資料表索引 `exp_delete_record`
--
ALTER TABLE `exp_delete_record`
  ADD PRIMARY KEY (`dr_id`),
  ADD UNIQUE KEY `dr_id_UNIQUE` (`dr_id`),
  ADD KEY `account_to_dr_idx` (`dr_account`),
  ADD KEY `theme_to_dr_idx` (`theme_id`),
  ADD KEY `dr_title_id` (`title_id`),
  ADD KEY `dr_practice_id` (`practice_id`);

--
-- 資料表索引 `exp_select_record`
--
ALTER TABLE `exp_select_record`
  ADD PRIMARY KEY (`sr_id`),
  ADD UNIQUE KEY `sr_id_UNIQUE` (`sr_id`),
  ADD KEY `account_to_sr_idx` (`sr_account`),
  ADD KEY `theme_to_sr_idx` (`theme_id`),
  ADD KEY `exp_select_record_title_id` (`title_id`),
  ADD KEY `exp_select_record_practice_id` (`practice_id`);

--
-- 資料表索引 `exp_wrong_time`
--
ALTER TABLE `exp_wrong_time`
  ADD PRIMARY KEY (`wt_id`),
  ADD UNIQUE KEY `wt_id_UNIQUE` (`wt_id`),
  ADD KEY `account_from_wt_idx` (`wt_account`),
  ADD KEY `theme_idx` (`theme_id`),
  ADD KEY `tw_title_id` (`title_id`),
  ADD KEY `tw_practice_id` (`practice_id`);

--
-- 資料表索引 `member`
--
ALTER TABLE `member`
  ADD PRIMARY KEY (`user_id`),
  ADD UNIQUE KEY `user_id_UNIQUE` (`user_id`),
  ADD UNIQUE KEY `user_account_UNIQUE` (`user_account`);

--
-- 資料表索引 `member_wardrobe`
--
ALTER TABLE `member_wardrobe`
  ADD PRIMARY KEY (`wardrobe_id`),
  ADD KEY `member_id` (`member_id`);

--
-- 資料表索引 `personal_information`
--
ALTER TABLE `personal_information`
  ADD PRIMARY KEY (`pi_id`),
  ADD UNIQUE KEY `pi_id_UNIQUE` (`pi_id`),
  ADD UNIQUE KEY `pi_account_UNIQUE` (`pi_account`);

--
-- 資料表索引 `picture`
--
ALTER TABLE `picture`
  ADD PRIMARY KEY (`img_id`),
  ADD UNIQUE KEY `img_id_UNIQUE` (`img_id`),
  ADD UNIQUE KEY `img_filename_UNIQUE` (`img_filename`),
  ADD KEY `account_idx` (`img_account`),
  ADD KEY `theme_from_img_idx` (`theme_id`),
  ADD KEY `picture_title_id` (`title_id`),
  ADD KEY `picture_practice_id` (`practice_id`);

--
-- 資料表索引 `practice`
--
ALTER TABLE `practice`
  ADD PRIMARY KEY (`pt_id`),
  ADD UNIQUE KEY `pt_id_UNIQUE` (`pt_id`),
  ADD KEY `p_title_id` (`title_id`);

--
-- 資料表索引 `practice_status`
--
ALTER TABLE `practice_status`
  ADD PRIMARY KEY (`ps_id`),
  ADD UNIQUE KEY `ps_id_UNIQUE` (`ps_id`),
  ADD KEY `ps_account_idx` (`ps_account`),
  ADD KEY `ps_theme_idx` (`theme_id`),
  ADD KEY `ps_practice_id` (`practice_id`),
  ADD KEY `ps_title_id` (`title_id`);

--
-- 資料表索引 `record`
--
ALTER TABLE `record`
  ADD PRIMARY KEY (`au_id`),
  ADD UNIQUE KEY `au_filename_UNIQUE` (`au_filename`),
  ADD KEY `account_idx` (`au_account`),
  ADD KEY `record_to_theme_idx` (`theme_id`),
  ADD KEY `record_title_id` (`title_id`),
  ADD KEY `record_practice_id` (`practice_id`);

--
-- 資料表索引 `theme`
--
ALTER TABLE `theme`
  ADD PRIMARY KEY (`theme_id`),
  ADD UNIQUE KEY `theme_id_UNIQUE` (`theme_id`),
  ADD UNIQUE KEY `theme_code_UNIQUE` (`theme_code`),
  ADD UNIQUE KEY `theme_name_UNIQUE` (`theme_name`);

--
-- 資料表索引 `title`
--
ALTER TABLE `title`
  ADD PRIMARY KEY (`title_id`),
  ADD UNIQUE KEY `title_id_UNIQUE` (`title_id`),
  ADD UNIQUE KEY `title_name_UNIQUE` (`title_name`),
  ADD KEY `t_theme_idx` (`theme_id`);

--
-- 資料表索引 `vocabulary_library`
--
ALTER TABLE `vocabulary_library`
  ADD PRIMARY KEY (`vl_id`),
  ADD UNIQUE KEY `vl_id_UNIQUE` (`vl_id`),
  ADD KEY `lib_title_id` (`title_id`),
  ADD KEY `lib_practice_id` (`practice_id`);

--
-- 在傾印的資料表使用自動遞增(AUTO_INCREMENT)
--

--
-- 使用資料表自動遞增(AUTO_INCREMENT) `card`
--
ALTER TABLE `card`
  MODIFY `card_id` int(10) UNSIGNED NOT NULL AUTO_INCREMENT, AUTO_INCREMENT=692;

--
-- 使用資料表自動遞增(AUTO_INCREMENT) `exp_click_sound`
--
ALTER TABLE `exp_click_sound`
  MODIFY `cs_id` int(10) UNSIGNED NOT NULL AUTO_INCREMENT, AUTO_INCREMENT=9647;

--
-- 使用資料表自動遞增(AUTO_INCREMENT) `exp_click_tip`
--
ALTER TABLE `exp_click_tip`
  MODIFY `ct_id` int(10) UNSIGNED NOT NULL AUTO_INCREMENT, AUTO_INCREMENT=6302;

--
-- 使用資料表自動遞增(AUTO_INCREMENT) `exp_delete_record`
--
ALTER TABLE `exp_delete_record`
  MODIFY `dr_id` int(10) UNSIGNED NOT NULL AUTO_INCREMENT, AUTO_INCREMENT=3290;

--
-- 使用資料表自動遞增(AUTO_INCREMENT) `exp_select_record`
--
ALTER TABLE `exp_select_record`
  MODIFY `sr_id` int(10) UNSIGNED NOT NULL AUTO_INCREMENT, AUTO_INCREMENT=3294;

--
-- 使用資料表自動遞增(AUTO_INCREMENT) `exp_wrong_time`
--
ALTER TABLE `exp_wrong_time`
  MODIFY `wt_id` int(10) UNSIGNED NOT NULL AUTO_INCREMENT, AUTO_INCREMENT=4229;

--
-- 使用資料表自動遞增(AUTO_INCREMENT) `member`
--
ALTER TABLE `member`
  MODIFY `user_id` int(10) UNSIGNED NOT NULL AUTO_INCREMENT, AUTO_INCREMENT=268272;

--
-- 使用資料表自動遞增(AUTO_INCREMENT) `member_wardrobe`
--
ALTER TABLE `member_wardrobe`
  MODIFY `wardrobe_id` int(10) NOT NULL AUTO_INCREMENT, AUTO_INCREMENT=14;

--
-- 使用資料表自動遞增(AUTO_INCREMENT) `personal_information`
--
ALTER TABLE `personal_information`
  MODIFY `pi_id` int(10) UNSIGNED NOT NULL AUTO_INCREMENT, AUTO_INCREMENT=2;

--
-- 使用資料表自動遞增(AUTO_INCREMENT) `picture`
--
ALTER TABLE `picture`
  MODIFY `img_id` int(10) UNSIGNED NOT NULL AUTO_INCREMENT, AUTO_INCREMENT=728;

--
-- 使用資料表自動遞增(AUTO_INCREMENT) `practice`
--
ALTER TABLE `practice`
  MODIFY `pt_id` int(10) UNSIGNED NOT NULL AUTO_INCREMENT, AUTO_INCREMENT=138;

--
-- 使用資料表自動遞增(AUTO_INCREMENT) `practice_status`
--
ALTER TABLE `practice_status`
  MODIFY `ps_id` int(10) UNSIGNED NOT NULL AUTO_INCREMENT, AUTO_INCREMENT=743;

--
-- 使用資料表自動遞增(AUTO_INCREMENT) `record`
--
ALTER TABLE `record`
  MODIFY `au_id` int(10) UNSIGNED NOT NULL AUTO_INCREMENT, AUTO_INCREMENT=3270;

--
-- 使用資料表自動遞增(AUTO_INCREMENT) `theme`
--
ALTER TABLE `theme`
  MODIFY `theme_id` int(10) UNSIGNED NOT NULL AUTO_INCREMENT, AUTO_INCREMENT=6;

--
-- 使用資料表自動遞增(AUTO_INCREMENT) `title`
--
ALTER TABLE `title`
  MODIFY `title_id` int(10) UNSIGNED NOT NULL AUTO_INCREMENT, AUTO_INCREMENT=15;

--
-- 使用資料表自動遞增(AUTO_INCREMENT) `vocabulary_library`
--
ALTER TABLE `vocabulary_library`
  MODIFY `vl_id` int(10) UNSIGNED NOT NULL AUTO_INCREMENT, AUTO_INCREMENT=681;

--
-- 已傾印資料表的限制式
--

--
-- 資料表的限制式 `card`
--
ALTER TABLE `card`
  ADD CONSTRAINT `c_audio` FOREIGN KEY (`voice_filename`) REFERENCES `record` (`au_filename`) ON DELETE CASCADE ON UPDATE CASCADE,
  ADD CONSTRAINT `c_picture` FOREIGN KEY (`picture_filename`) REFERENCES `picture` (`img_filename`) ON DELETE CASCADE ON UPDATE CASCADE,
  ADD CONSTRAINT `c_practice_id` FOREIGN KEY (`practice_id`) REFERENCES `practice` (`pt_id`),
  ADD CONSTRAINT `c_theme_id` FOREIGN KEY (`theme_id`) REFERENCES `theme` (`theme_id`),
  ADD CONSTRAINT `c_title_id` FOREIGN KEY (`title_id`) REFERENCES `title` (`title_id`);

--
-- 資料表的限制式 `exp_click_sound`
--
ALTER TABLE `exp_click_sound`
  ADD CONSTRAINT `account_to_cs` FOREIGN KEY (`cs_account`) REFERENCES `member` (`user_account`) ON DELETE CASCADE ON UPDATE CASCADE,
  ADD CONSTRAINT `cs_practice_id` FOREIGN KEY (`practice_id`) REFERENCES `practice` (`pt_id`),
  ADD CONSTRAINT `cs_theme_id` FOREIGN KEY (`theme_id`) REFERENCES `theme` (`theme_id`),
  ADD CONSTRAINT `cs_title_id` FOREIGN KEY (`title_id`) REFERENCES `title` (`title_id`);

--
-- 資料表的限制式 `exp_click_tip`
--
ALTER TABLE `exp_click_tip`
  ADD CONSTRAINT `account_to_ct` FOREIGN KEY (`ct_account`) REFERENCES `member` (`user_account`) ON DELETE CASCADE ON UPDATE CASCADE,
  ADD CONSTRAINT `ct_practice_id` FOREIGN KEY (`practice_id`) REFERENCES `practice` (`pt_id`),
  ADD CONSTRAINT `ct_theme_id ` FOREIGN KEY (`theme_id`) REFERENCES `theme` (`theme_id`),
  ADD CONSTRAINT `ct_title_id` FOREIGN KEY (`title_id`) REFERENCES `title` (`title_id`);

--
-- 資料表的限制式 `exp_delete_record`
--
ALTER TABLE `exp_delete_record`
  ADD CONSTRAINT `account_to_dr` FOREIGN KEY (`dr_account`) REFERENCES `member` (`user_account`) ON DELETE CASCADE ON UPDATE CASCADE,
  ADD CONSTRAINT `dr_practice_id` FOREIGN KEY (`practice_id`) REFERENCES `practice` (`pt_id`),
  ADD CONSTRAINT `dr_theme_id ` FOREIGN KEY (`theme_id`) REFERENCES `theme` (`theme_id`),
  ADD CONSTRAINT `dr_title_id` FOREIGN KEY (`title_id`) REFERENCES `title` (`title_id`);

--
-- 資料表的限制式 `exp_select_record`
--
ALTER TABLE `exp_select_record`
  ADD CONSTRAINT `account_to_sr` FOREIGN KEY (`sr_account`) REFERENCES `member` (`user_account`) ON DELETE CASCADE ON UPDATE CASCADE,
  ADD CONSTRAINT `exp_select_record_practice_id` FOREIGN KEY (`practice_id`) REFERENCES `practice` (`pt_id`),
  ADD CONSTRAINT `exp_select_record_theme_id` FOREIGN KEY (`theme_id`) REFERENCES `theme` (`theme_id`),
  ADD CONSTRAINT `exp_select_record_title_id` FOREIGN KEY (`title_id`) REFERENCES `title` (`title_id`);

--
-- 資料表的限制式 `exp_wrong_time`
--
ALTER TABLE `exp_wrong_time`
  ADD CONSTRAINT `accoumt_from_wt` FOREIGN KEY (`wt_account`) REFERENCES `member` (`user_account`) ON DELETE CASCADE ON UPDATE CASCADE,
  ADD CONSTRAINT `tw_practice_id` FOREIGN KEY (`practice_id`) REFERENCES `practice` (`pt_id`),
  ADD CONSTRAINT `tw_theme_id ` FOREIGN KEY (`theme_id`) REFERENCES `theme` (`theme_id`),
  ADD CONSTRAINT `tw_title_id` FOREIGN KEY (`title_id`) REFERENCES `title` (`title_id`);

--
-- 資料表的限制式 `member_wardrobe`
--
ALTER TABLE `member_wardrobe`
  ADD CONSTRAINT `member_id` FOREIGN KEY (`member_id`) REFERENCES `member` (`user_id`);

--
-- 資料表的限制式 `personal_information`
--
ALTER TABLE `personal_information`
  ADD CONSTRAINT `information_to_member` FOREIGN KEY (`pi_account`) REFERENCES `member` (`user_account`) ON DELETE CASCADE ON UPDATE CASCADE;

--
-- 資料表的限制式 `picture`
--
ALTER TABLE `picture`
  ADD CONSTRAINT `p_account` FOREIGN KEY (`img_account`) REFERENCES `member` (`user_account`) ON DELETE CASCADE ON UPDATE CASCADE,
  ADD CONSTRAINT `picture_practice_id` FOREIGN KEY (`practice_id`) REFERENCES `practice` (`pt_id`),
  ADD CONSTRAINT `picture_theme_id` FOREIGN KEY (`theme_id`) REFERENCES `theme` (`theme_id`),
  ADD CONSTRAINT `picture_title_id` FOREIGN KEY (`title_id`) REFERENCES `title` (`title_id`);

--
-- 資料表的限制式 `practice`
--
ALTER TABLE `practice`
  ADD CONSTRAINT `p_title_id` FOREIGN KEY (`title_id`) REFERENCES `title` (`title_id`);

--
-- 資料表的限制式 `practice_status`
--
ALTER TABLE `practice_status`
  ADD CONSTRAINT `ps_account` FOREIGN KEY (`ps_account`) REFERENCES `member` (`user_account`) ON DELETE CASCADE ON UPDATE CASCADE,
  ADD CONSTRAINT `ps_practice_id` FOREIGN KEY (`practice_id`) REFERENCES `practice` (`pt_id`),
  ADD CONSTRAINT `ps_theme_id` FOREIGN KEY (`theme_id`) REFERENCES `theme` (`theme_id`),
  ADD CONSTRAINT `ps_title_id` FOREIGN KEY (`title_id`) REFERENCES `title` (`title_id`);

--
-- 資料表的限制式 `record`
--
ALTER TABLE `record`
  ADD CONSTRAINT `account` FOREIGN KEY (`au_account`) REFERENCES `member` (`user_account`) ON DELETE CASCADE ON UPDATE CASCADE,
  ADD CONSTRAINT `record_practice_id` FOREIGN KEY (`practice_id`) REFERENCES `practice` (`pt_id`),
  ADD CONSTRAINT `record_theme_id` FOREIGN KEY (`theme_id`) REFERENCES `theme` (`theme_id`),
  ADD CONSTRAINT `record_title_id` FOREIGN KEY (`title_id`) REFERENCES `title` (`title_id`);

--
-- 資料表的限制式 `title`
--
ALTER TABLE `title`
  ADD CONSTRAINT `theme_id` FOREIGN KEY (`theme_id`) REFERENCES `theme` (`theme_id`);

--
-- 資料表的限制式 `vocabulary_library`
--
ALTER TABLE `vocabulary_library`
  ADD CONSTRAINT `lib_practice_id` FOREIGN KEY (`practice_id`) REFERENCES `practice` (`pt_id`),
  ADD CONSTRAINT `lib_title_id` FOREIGN KEY (`title_id`) REFERENCES `title` (`title_id`);
COMMIT;

/*!40101 SET CHARACTER_SET_CLIENT=@OLD_CHARACTER_SET_CLIENT */;
/*!40101 SET CHARACTER_SET_RESULTS=@OLD_CHARACTER_SET_RESULTS */;
/*!40101 SET COLLATION_CONNECTION=@OLD_COLLATION_CONNECTION */;
